,open,high,low,close,volume,datetime
0,24.75,25.1,24.73,25.05,18595,2012-02-13 06:00:00
1,25.26,25.26,25.02,25.25,12847,2012-02-14 06:00:00
2,25.3,25.4,25.3,25.4,8462,2012-02-15 06:00:00
3,25.5,25.6,25.4,25.41,7340,2012-02-16 06:00:00
4,25.8,26.0,25.5,26.0,20438,2012-02-17 06:00:00
5,26.0,26.75,26.0,26.75,1000,2012-02-21 06:00:00
6,26.72,27.0,25.99,26.74,16501,2012-02-22 06:00:00
7,26.6499,26.98,26.55,26.98,1300,2012-02-23 06:00:00
8,26.35,26.68,26.3101,26.68,1850,2012-02-24 06:00:00
9,26.25,26.36,25.98,25.99,12046,2012-02-27 06:00:00
10,26.98,26.98,25.61,25.87,12882,2012-02-28 06:00:00
11,25.97,25.97,25.01,25.9,5934,2012-03-01 06:00:00
12,25.89,25.95,25.87,25.95,4717,2012-03-05 06:00:00
13,25.89,26.74,25.62,25.95,5301,2012-03-06 06:00:00
14,26.22,26.22,26.22,26.22,100,2012-03-07 06:00:00
15,25.99,25.99,25.78,25.99,3000,2012-03-08 06:00:00
16,25.91,25.95,25.66,25.95,800,2012-03-09 06:00:00
17,25.68,25.72,25.52,25.58,6197,2012-03-12 05:00:00
18,25.52,26.24,25.51,25.75,1500,2012-03-13 05:00:00
19,25.52,25.7,25.51,25.52,1500,2012-03-14 05:00:00
20,25.52,25.52,25.499,25.5,6000,2012-03-15 05:00:00
21,25.49,25.49,25.49,25.49,100,2012-03-16 05:00:00
22,25.37,25.5,25.09,25.5,8190,2012-03-19 05:00:00
23,25.11,25.4,25.1099,25.4,3100,2012-03-21 05:00:00
24,25.4,25.4,25.1874,25.1874,600,2012-03-23 05:00:00
25,25.2,25.2,25.01,25.2,2400,2012-03-26 05:00:00
26,25.2,25.37,25.05,25.2399,2400,2012-03-27 05:00:00
27,25.02,25.3,25.02,25.3,7650,2012-03-28 05:00:00
28,25.26,25.27,25.15,25.15,2000,2012-03-29 05:00:00
29,25.15,25.27,25.14,25.15,2600,2012-03-30 05:00:00
30,25.186,25.23,25.186,25.2,2049,2012-04-03 05:00:00
31,25.15,25.15,25.0401,25.0401,5199,2012-04-04 05:00:00
32,25.86,25.86,25.17,25.18,2000,2012-04-05 05:00:00
33,25.25,25.25,25.25,25.25,3051,2012-04-09 05:00:00
34,25.4401,25.56,25.26,25.26,4750,2012-04-12 05:00:00
35,25.71,25.71,25.6699,25.6699,700,2012-04-13 05:00:00
36,25.53,25.6299,25.5,25.6,2500,2012-04-16 05:00:00
37,25.6,25.6,25.6,25.6,390,2012-04-17 05:00:00
38,25.37,25.6799,25.35,25.5,2760,2012-04-18 05:00:00
39,25.5,25.6799,25.5,25.5,1010,2012-04-19 05:00:00
40,25.51,25.51,25.3601,25.3601,2590,2012-04-20 05:00:00
41,25.5,25.5,25.5,25.5,930,2012-04-23 05:00:00
42,25.45,25.45,25.45,25.45,247,2012-04-24 05:00:00
43,25.66,25.7,25.636,25.636,2600,2012-04-25 05:00:00
44,25.5101,25.7,25.5,25.7,5100,2012-04-27 05:00:00
45,25.6999,25.6999,25.6999,25.6999,250,2012-05-01 05:00:00
46,25.7,25.87,25.7,25.87,400,2012-05-02 05:00:00
47,25.6,25.85,25.6,25.85,1800,2012-05-03 05:00:00
48,25.88,26.25,25.85,25.85,2300,2012-05-04 05:00:00
49,25.85,25.8501,25.61,25.61,2000,2012-05-07 05:00:00
50,25.85,25.86,25.85,25.85,2900,2012-05-09 05:00:00
51,25.65,25.65,25.6,25.6,1459,2012-05-10 05:00:00
52,25.54,25.54,25.5,25.5,840,2012-05-11 05:00:00
53,25.5,25.5,25.25,25.35,916,2012-05-14 05:00:00
54,25.53,25.53,25.53,25.53,257,2012-05-16 05:00:00
55,25.78,25.78,25.7,25.7,200,2012-05-17 05:00:00
56,25.5,25.5,25.5,25.5,757,2012-05-18 05:00:00
57,25.98,25.98,25.6,25.6001,2871,2012-05-22 05:00:00
58,25.75,25.75,25.6,25.6,1000,2012-05-23 05:00:00
59,25.7,25.7,25.7,25.7,1000,2012-05-24 05:00:00
60,25.65,25.65,25.65,25.65,600,2012-05-29 05:00:00
61,25.42,25.99,25.4101,25.9899,1880,2012-05-30 05:00:00
62,25.6001,25.63,25.6,25.6,2100,2012-05-31 05:00:00
63,25.65,25.65,25.4,25.4,1690,2012-06-01 05:00:00
64,25.5,25.5,25.32,25.32,1701,2012-06-05 05:00:00
65,25.61,25.63,25.21,25.21,5323,2012-06-06 05:00:00
66,25.21,25.21,25.21,25.21,200,2012-06-07 05:00:00
67,25.4,25.4,25.3,25.3,700,2012-06-08 05:00:00
68,25.5,25.5001,25.5,25.5,4500,2012-06-12 05:00:00
69,25.6396,25.6396,25.5,25.5,3380,2012-06-14 05:00:00
70,25.6299,25.64,25.501,25.55,2075,2012-06-15 05:00:00
71,25.51,25.51,25.51,25.51,100,2012-06-18 05:00:00
72,25.58,25.62,25.58,25.58,1000,2012-06-19 05:00:00
73,25.75,25.75,25.5,25.5,700,2012-06-20 05:00:00
74,25.6,25.6,25.5,25.5,3740,2012-06-21 05:00:00
75,25.7,25.7,25.7,25.7,100,2012-06-22 05:00:00
76,25.6,25.6001,25.5,25.6001,1500,2012-06-25 05:00:00
77,25.5001,25.5001,25.5001,25.5001,400,2012-06-26 05:00:00
78,25.93,25.9899,25.9299,25.9899,600,2012-06-27 05:00:00
79,25.7499,25.75,25.73,25.75,3140,2012-06-28 05:00:00
80,25.7,25.7,25.7,25.7,200,2012-06-29 05:00:00
81,25.9,25.99,25.83,25.93,1000,2012-07-02 05:00:00
82,25.8299,25.8299,25.8299,25.8299,200,2012-07-03 05:00:00
83,25.65,25.68,25.5001,25.55,2149,2012-07-05 05:00:00
84,25.75,25.75,25.75,25.75,938,2012-07-09 05:00:00
85,25.7499,25.7499,25.7499,25.7499,600,2012-07-10 05:00:00
86,25.93,26.04,25.9,26.04,5050,2012-07-11 05:00:00
87,25.96,25.97,25.95,25.9501,1800,2012-07-12 05:00:00
88,25.95,25.95,25.92,25.92,800,2012-07-13 05:00:00
89,26.1199,26.1199,26.1199,26.1199,200,2012-07-16 05:00:00
90,25.5301,25.95,25.5301,25.95,1600,2012-07-18 05:00:00
91,26.09,26.09,26.09,26.09,100,2012-07-19 05:00:00
92,25.97,26.04,25.97,26.0399,504,2012-07-20 05:00:00
93,25.99,25.99,25.99,25.99,210,2012-07-24 05:00:00
94,25.9,25.9,25.56,25.56,500,2012-07-25 05:00:00
95,25.8999,25.8999,25.796,25.8,6690,2012-07-26 05:00:00
96,26.1,26.12,25.6,25.9999,2870,2012-07-27 05:00:00
97,26.12,26.12,26.09,26.12,1310,2012-07-30 05:00:00
98,25.9,25.9,25.6201,25.6201,1525,2012-07-31 05:00:00
99,25.69,25.69,25.69,25.69,200,2012-08-02 05:00:00
100,26.1,26.1,26.1,26.1,100,2012-08-03 05:00:00
101,26.0499,26.0499,26.0499,26.0499,370,2012-08-07 05:00:00
102,26.1,26.12,25.75,25.75,1028,2012-08-09 05:00:00
103,26.0,26.1199,25.758,26.1199,700,2012-08-10 05:00:00
104,26.09,26.09,25.8,25.9,1200,2012-08-13 05:00:00
105,25.8001,25.8001,25.8001,25.8001,400,2012-08-14 05:00:00
106,25.8,25.8,25.7001,25.7001,1100,2012-08-15 05:00:00
107,25.8,25.8,25.8,25.8,420,2012-08-21 05:00:00
108,25.65,25.65,25.5,25.5,975,2012-08-22 05:00:00
109,25.9899,25.9899,25.51,25.51,780,2012-08-23 05:00:00
110,26.06,26.06,26.06,26.06,200,2012-08-24 05:00:00
111,26.05,26.07,26.05,26.07,300,2012-08-29 05:00:00
112,26.04,26.1,26.04,26.1,700,2012-08-30 05:00:00
113,25.75,25.75,25.75,25.75,4200,2012-08-31 05:00:00
114,25.68,25.75,25.65,25.75,1437,2012-09-05 05:00:00
115,26.0,26.0,25.57,25.57,2537,2012-09-06 05:00:00
116,25.6,25.9899,25.52,25.817,4555,2012-09-07 05:00:00
117,25.9999,26.0,25.75,25.75,1915,2012-09-10 05:00:00
118,25.7001,25.7001,25.7001,25.7001,400,2012-09-11 05:00:00
119,26.1,26.22,25.706,25.7499,5630,2012-09-12 05:00:00
120,25.75,25.75,25.742,25.75,1400,2012-09-13 05:00:00
121,26.0599,26.0599,25.5501,25.5501,525,2012-09-14 05:00:00
122,26.02,26.02,26.02,26.02,922,2012-09-17 05:00:00
123,25.77,25.77,25.75,25.75,5144,2012-09-18 05:00:00
124,25.6,25.75,25.55,25.55,7490,2012-09-19 05:00:00
125,25.88,26.0,25.69,25.69,2010,2012-09-20 05:00:00
126,25.73,25.76,25.7,25.74,1400,2012-09-21 05:00:00
127,25.96,25.96,25.96,25.96,100,2012-09-24 05:00:00
128,25.72,25.75,25.55,25.75,900,2012-09-25 05:00:00
129,25.89,25.89,25.89,25.89,200,2012-09-26 05:00:00
130,25.87,26.0,25.87,26.0,1200,2012-09-28 05:00:00
131,26.03,26.03,25.57,25.62,2010,2012-10-01 05:00:00
132,25.6,25.6,25.48,25.55,2265,2012-10-02 05:00:00
133,25.69,25.88,25.5,25.88,3462,2012-10-03 05:00:00
134,25.56,25.63,25.51,25.63,1800,2012-10-04 05:00:00
135,25.51,25.56,25.51,25.55,3000,2012-10-05 05:00:00
136,25.59,25.75,25.59,25.75,2323,2012-10-08 05:00:00
137,25.8,25.8,25.6,25.6,900,2012-10-09 05:00:00
138,25.6,25.8999,25.55,25.75,1690,2012-10-10 05:00:00
139,25.61,25.61,25.5,25.5,800,2012-10-12 05:00:00
140,25.57,25.85,25.57,25.8399,1150,2012-10-15 05:00:00
141,25.78,25.98,25.78,25.98,387,2012-10-16 05:00:00
142,25.83,25.83,25.83,25.83,1000,2012-10-18 05:00:00
143,25.602,25.602,25.602,25.602,200,2012-10-19 05:00:00
144,25.62,25.62,25.6,25.6,350,2012-10-22 05:00:00
145,25.21,25.59,25.21,25.55,4973,2012-10-23 05:00:00
146,25.5501,25.5501,25.5,25.55,7562,2012-10-24 05:00:00
147,25.67,25.83,25.3501,25.62,1975,2012-10-25 05:00:00
148,25.44,25.44,25.3,25.3,500,2012-10-26 05:00:00
149,25.45,25.75,25.45,25.64,465,2012-10-31 05:00:00
150,25.74,25.8799,25.74,25.8799,1397,2012-11-01 05:00:00
151,25.6001,25.6001,25.6001,25.6001,600,2012-11-05 06:00:00
152,25.6,25.9,25.6,25.896,4550,2012-11-07 06:00:00
153,25.71,25.71,25.71,25.71,300,2012-11-08 06:00:00
154,25.9,25.9,25.9,25.9,527,2012-11-13 06:00:00
155,25.4201,25.66,25.404,25.5,2329,2012-11-15 06:00:00
156,25.42,25.54,25.42,25.54,400,2012-11-26 06:00:00
157,25.61,25.65,25.6,25.65,1600,2012-11-30 06:00:00
158,25.8,26.15,25.8,26.1499,475,2012-12-03 06:00:00
159,25.66,25.66,25.66,25.66,200,2012-12-04 06:00:00
160,25.65,25.65,25.5,25.5,900,2012-12-05 06:00:00
161,25.75,25.75,25.6,25.6,550,2012-12-06 06:00:00
162,25.6,25.6,25.5,25.5,975,2012-12-07 06:00:00
163,25.9,25.9,25.88,25.88,1700,2012-12-10 06:00:00
164,25.85,26.1087,25.5,26.1087,8066,2012-12-11 06:00:00
165,25.72,25.72,25.72,25.72,295,2012-12-12 06:00:00
166,26.0599,26.0599,25.7,25.7,351,2012-12-13 06:00:00
167,25.93,25.93,25.8,25.8,1098,2012-12-14 06:00:00
168,25.62,25.62,25.6,25.6,1375,2012-12-18 06:00:00
169,25.7,25.7,25.7,25.7,300,2012-12-19 06:00:00
170,25.75,25.83,25.75,25.8,800,2012-12-20 06:00:00
171,25.6,25.7,25.52,25.7,1397,2012-12-21 06:00:00
172,25.56,25.6,25.54,25.54,600,2012-12-28 06:00:00
173,25.64,25.64,25.64,25.64,200,2012-12-31 06:00:00
174,25.92,26.05,25.92,26.05,400,2013-01-02 06:00:00
175,25.8,25.99,25.7,25.7,2314,2013-01-04 06:00:00
176,26.0599,26.06,25.97,26.0599,650,2013-01-08 06:00:00
177,25.96,26.05,25.73,25.73,1425,2013-01-09 06:00:00
178,26.06,26.06,25.96,26.04,2470,2013-01-10 06:00:00
179,26.0599,26.06,25.782,25.7874,815,2013-01-11 06:00:00
180,26.1399,26.14,25.77,25.77,1424,2013-01-14 06:00:00
181,26.08,26.14,25.75,26.14,1955,2013-01-15 06:00:00
182,26.14,26.14,25.7201,26.14,1727,2013-01-16 06:00:00
183,25.75,26.1148,25.72,25.75,3050,2013-01-17 06:00:00
184,25.8,26.14,25.8,26.05,705,2013-01-22 06:00:00
185,26.2099,26.2099,25.81,25.88,3881,2013-01-23 06:00:00
186,25.97,25.97,25.85,25.85,1200,2013-01-24 06:00:00
187,26.13,26.13,25.91,25.91,1300,2013-01-29 06:00:00
188,25.91,25.91,25.91,25.91,200,2013-01-30 06:00:00
189,26.09,26.16,26.09,26.15,2420,2013-01-31 06:00:00
190,25.95,26.21,25.95,26.17,3518,2013-02-01 06:00:00
191,25.9,26.22,25.9,26.22,1502,2013-02-04 06:00:00
192,26.2199,26.2199,25.97,25.97,600,2013-02-05 06:00:00
193,26.22,26.73,26.22,26.73,2080,2013-02-06 06:00:00
194,26.72,26.72,26.72,26.72,200,2013-02-07 06:00:00
195,26.95,26.95,26.85,26.95,500,2013-02-08 06:00:00
196,26.75,26.75,26.75,26.75,200,2013-02-11 06:00:00
197,26.26,26.31,26.26,26.31,400,2013-02-14 06:00:00
198,26.05,26.05,25.85,25.85,892,2013-02-19 06:00:00
199,25.85,25.85,25.85,25.85,250,2013-02-20 06:00:00
200,26.06,26.48,25.85,26.4,2763,2013-02-21 06:00:00
201,26.28,26.28,26.0,26.0,3145,2013-02-22 06:00:00
202,26.0,26.0,25.95,25.95,1900,2013-02-25 06:00:00
203,25.99,26.01,25.99,26.01,1500,2013-02-26 06:00:00
204,26.1,26.1,26.1,26.1,450,2013-02-27 06:00:00
205,26.08,26.24,26.02,26.24,1825,2013-02-28 06:00:00
206,26.2399,26.2399,26.21,26.23,914,2013-03-01 06:00:00
207,26.22,26.2399,25.96,25.96,700,2013-03-04 06:00:00
208,26.06,26.06,26.03,26.03,1000,2013-03-05 06:00:00
209,26.216,26.216,26.216,26.216,1000,2013-03-06 06:00:00
210,26.26,26.29,26.26,26.29,2524,2013-03-11 05:00:00
211,26.3,26.3,26.29,26.3,576,2013-03-12 05:00:00
212,26.24,26.2501,26.24,26.2501,1109,2013-03-13 05:00:00
213,26.45,26.46,26.36,26.36,300,2013-03-15 05:00:00
214,26.38,26.41,26.38,26.41,849,2013-03-18 05:00:00
215,26.47,26.47,26.46,26.463,1240,2013-03-19 05:00:00
216,26.45,26.4,25.97,25.97,1300,2013-03-21 05:00:00
217,25.95,25.95,25.95,25.95,200,2013-03-22 05:00:00
218,26.0,25.83,25.79,25.806,3187,2013-03-25 05:00:00
219,25.89,25.98,25.81,25.8101,1300,2013-03-26 05:00:00
220,25.81,25.99,25.75,25.77,4169,2013-03-27 05:00:00
221,25.92,25.9799,25.8,25.9799,4362,2013-03-28 05:00:00
222,25.96,25.98,25.75,25.88,2900,2013-04-01 05:00:00
223,25.8,25.884,25.77,25.77,4843,2013-04-02 05:00:00
224,25.77,25.77,25.6,25.73,2765,2013-04-03 05:00:00
225,25.78,25.75,25.62,25.6201,1645,2013-04-04 05:00:00
226,25.62,25.75,25.6,25.75,1950,2013-04-05 05:00:00
227,25.67,25.7417,25.6601,25.7417,1087,2013-04-08 05:00:00
228,25.75,25.9,25.75,25.87,760,2013-04-09 05:00:00
229,25.75,25.8,25.65,25.73,4714,2013-04-10 05:00:00
230,25.74,25.74,25.68,25.7,3395,2013-04-11 05:00:00
231,25.7,25.7,25.66,25.66,2065,2013-04-12 05:00:00
232,25.7,25.7,25.696,25.7,400,2013-04-15 05:00:00
233,25.7,25.7,25.7,25.7,100,2013-04-16 05:00:00
234,25.939,25.94,25.9,25.9299,1200,2013-04-17 05:00:00
235,25.85,25.9,25.85,25.9,900,2013-04-18 05:00:00
236,25.94,25.94,25.75,25.75,1615,2013-04-19 05:00:00
237,25.93,25.93,25.75,25.76,2160,2013-04-22 05:00:00
238,25.9099,25.9099,25.9099,25.9099,400,2013-04-23 05:00:00
239,25.85,25.85,25.85,25.85,500,2013-04-24 05:00:00
240,25.91,25.9,25.9,25.9,400,2013-04-25 05:00:00
241,25.9,25.91,25.8913,25.91,1134,2013-04-26 05:00:00
242,25.93,25.93,25.93,25.93,1900,2013-04-29 05:00:00
243,25.93,26.449,25.93,26.44,1200,2013-04-30 05:00:00
244,25.94,26.005,26.005,26.005,400,2013-05-01 05:00:00
245,26.44,26.93,26.0,26.55,3940,2013-05-02 05:00:00
246,26.61,26.8,26.6,26.8,500,2013-05-06 05:00:00
247,26.212,26.212,26.212,26.212,400,2013-05-09 05:00:00
248,26.75,26.25,26.25,26.25,490,2013-05-10 05:00:00
249,26.73,26.7699,26.0,26.311,17094,2013-05-13 05:00:00
250,26.4,26.44,26.4,26.4,1350,2013-05-14 05:00:00
251,26.45,26.464,26.15,26.222,1236,2013-05-16 05:00:00
252,26.78,26.78,26.48,26.48,618,2013-05-17 05:00:00
253,26.53,26.55,26.1701,26.1701,836,2013-05-21 05:00:00
254,26.1501,26.22,26.05,26.05,2125,2013-05-22 05:00:00
255,26.26,26.1,25.9,25.99,800,2013-05-23 05:00:00
256,25.9305,26.12,25.9305,26.12,1360,2013-05-24 05:00:00
257,26.17,26.17,26.1,26.1,500,2013-05-28 05:00:00
258,25.91,26.1,25.9,26.03,6210,2013-05-29 05:00:00
259,26.11,26.19,25.99,26.14,2459,2013-05-30 05:00:00
260,26.0,26.1,25.94,26.02,1517,2013-05-31 05:00:00
261,25.78,26.05,25.7501,26.05,5752,2013-06-03 05:00:00
262,25.78,25.92,25.75,25.92,500,2013-06-04 05:00:00
263,25.9,25.9,25.7501,25.7501,1040,2013-06-05 05:00:00
264,26.49,26.49,25.83,25.83,458,2013-06-06 05:00:00
265,25.99,26.02,25.94,25.94,1100,2013-06-07 05:00:00
266,26.18,26.25,26.18,26.25,757,2013-06-11 05:00:00
267,25.8,25.8,25.75,25.75,1250,2013-06-12 05:00:00
268,25.78,25.78,25.76,25.77,2600,2013-06-13 05:00:00
269,25.78,25.78,25.73,25.73,300,2013-06-14 05:00:00
270,25.73,25.75,25.7,25.7,700,2013-06-18 05:00:00
271,25.5,25.68,25.31,25.68,1250,2013-06-19 05:00:00
272,25.55,25.55,25.3999,25.3999,2340,2013-06-21 05:00:00
273,25.3999,25.3999,24.9,25.0,1575,2013-06-24 05:00:00
274,25.4,25.4,24.97,25.03,5215,2013-06-25 05:00:00
275,25.53,26.2099,25.25,26.2099,2750,2013-07-01 05:00:00
276,25.29,25.854,25.2,25.44,1801,2013-07-05 05:00:00
277,25.48,25.5,25.5,25.5,299,2013-07-08 05:00:00
278,25.68,25.68,25.5,25.5,1250,2013-07-09 05:00:00
279,25.7,25.7,25.32,25.32,1909,2013-07-11 05:00:00
280,25.4001,25.4001,25.4001,25.4001,300,2013-07-15 05:00:00
281,25.52,25.93,25.52,25.93,600,2013-07-17 05:00:00
282,25.55,25.55,25.55,25.55,1500,2013-07-22 05:00:00
283,25.5,25.5,25.5,25.5,200,2013-07-24 05:00:00
284,25.5,25.89,25.5,25.8699,765,2013-07-25 05:00:00
285,25.63,26.05,25.01,26.05,1850,2013-07-26 05:00:00
286,25.85,25.85,25.85,25.85,218,2013-07-31 05:00:00
287,25.81,25.5,25.31,25.5,1210,2013-08-01 05:00:00
288,25.75,25.75,25.75,25.75,575,2013-08-02 05:00:00
289,25.73,25.75,25.5001,25.5001,2114,2013-08-07 05:00:00
290,25.65,25.65,25.65,25.65,200,2013-08-08 05:00:00
291,25.8799,25.8799,25.87,25.87,766,2013-08-09 05:00:00
292,25.65,25.65,25.6,25.62,1610,2013-08-12 05:00:00
293,25.65,25.655,25.65,25.65,2522,2013-08-13 05:00:00
294,25.63,25.65,25.63,25.65,1031,2013-08-14 05:00:00
295,25.61,25.625,25.59,25.625,1370,2013-08-15 05:00:00
296,25.68,25.68,25.65,25.65,800,2013-08-16 05:00:00
297,25.6501,26.15,25.65,26.08,3113,2013-08-19 05:00:00
298,26.0499,26.05,25.4101,25.4101,2950,2013-08-20 05:00:00
299,25.95,25.95,25.95,25.95,100,2013-08-23 05:00:00
300,26.24,26.24,25.6401,26.1,566,2013-08-26 05:00:00
301,25.5,25.5,25.5,25.5,2200,2013-08-28 05:00:00
302,25.8264,25.8264,25.8264,25.8264,400,2013-08-29 05:00:00
303,25.75,25.7808,25.75,25.7745,601,2013-09-03 05:00:00
304,25.79,25.79,25.79,25.79,200,2013-09-04 05:00:00
305,25.86,25.88,25.85,25.88,1200,2013-09-05 05:00:00
306,25.87,25.87,25.85,25.8512,1000,2013-09-10 05:00:00
307,25.85,25.89,25.75,25.89,852,2013-09-11 05:00:00
308,25.6516,25.6516,25.6516,25.6516,500,2013-09-13 05:00:00
309,25.7001,25.95,25.7,25.95,1164,2013-09-17 05:00:00
310,25.9,26.23,25.7,26.23,3200,2013-09-18 05:00:00
311,26.05,26.05,26.05,26.05,1000,2013-09-19 05:00:00
312,25.56,25.9978,25.56,25.5903,1980,2013-09-20 05:00:00
313,26.0999,26.0999,26.0999,26.0999,205,2013-09-23 05:00:00
314,26.04,26.105,25.66,26.105,460,2013-09-25 05:00:00
315,25.6701,25.6701,25.6701,25.6701,200,2013-09-26 05:00:00
316,26.43,26.32,26.32,26.32,100,2013-09-27 05:00:00
317,25.85,25.79,25.75,25.79,537,2013-10-01 05:00:00
318,25.7501,25.8,25.1,25.25,9681,2013-10-03 05:00:00
319,25.5,25.4,25.4,25.4,200,2013-10-07 05:00:00
320,25.5,25.5,25.3101,25.43,2100,2013-10-08 05:00:00
321,25.8,25.8,25.6,25.6,3714,2013-10-09 05:00:00
322,25.46,25.6,25.6,25.6,142,2013-10-10 05:00:00
323,25.6,25.6,25.6,25.6,100,2013-10-16 05:00:00
324,25.89,25.89,25.89,25.89,100,2013-10-17 05:00:00
325,26.15,25.53,25.36,25.52,1109,2013-10-21 05:00:00
326,25.67,25.67,25.67,25.67,100,2013-10-23 05:00:00
327,26.22,25.762,25.55,25.55,635,2013-10-25 05:00:00
328,25.52,25.5208,25.52,25.5201,500,2013-10-29 05:00:00
329,26.1999,26.1999,25.5234,25.5234,900,2013-10-30 05:00:00
330,25.65,25.55,25.55,25.55,800,2013-10-31 05:00:00
331,25.5001,25.5001,25.5001,25.5001,400,2013-11-04 06:00:00
332,25.85,25.85,25.85,25.85,120,2013-11-05 06:00:00
333,25.51,25.55,25.3797,25.45,4392,2013-11-08 06:00:00
334,25.83,25.3,25.3,25.3,100,2013-11-12 06:00:00
335,25.4,25.6999,25.4,25.67,1730,2013-11-14 06:00:00
336,25.75,25.75,25.61,25.61,795,2013-11-15 06:00:00
337,25.61,25.75,25.61,25.61,2327,2013-11-18 06:00:00
338,26.2,26.2,26.2,26.2,200,2013-11-19 06:00:00
339,25.65,26.35,25.65,26.35,520,2013-11-22 06:00:00
340,26.24,26.0,26.0,26.0,200,2013-11-25 06:00:00
341,26.0,26.0,25.8254,25.85,1060,2013-11-26 06:00:00
342,26.22,25.72,25.67,25.72,1400,2013-11-29 06:00:00
343,25.74,25.68,25.65,25.65,1060,2013-12-02 06:00:00
344,26.06,26.06,25.73,25.73,2099,2013-12-03 06:00:00
345,25.95,26.48,26.47,26.48,500,2013-12-04 06:00:00
346,26.25,26.25,25.8,26.07,500,2013-12-05 06:00:00
347,26.3666,26.3666,26.3666,26.3666,135,2013-12-06 06:00:00
348,25.8301,25.86,25.84,25.86,3225,2013-12-09 06:00:00
349,26.23,25.91,25.87,25.87,1216,2013-12-11 06:00:00
350,25.54,25.54,25.5001,25.5001,960,2013-12-12 06:00:00
351,25.7,25.5,25.5,25.5,801,2013-12-13 06:00:00
352,25.7,25.7,25.699,25.7,502,2013-12-16 06:00:00
353,25.6225,25.6225,25.6225,25.6225,100,2013-12-18 06:00:00
354,26.22,26.4826,25.8,26.0,1614,2013-12-20 06:00:00
355,25.7601,25.7601,25.76,25.76,1441,2013-12-23 06:00:00
356,26.22,25.7601,25.6125,25.6125,1314,2013-12-26 06:00:00
357,25.95,25.95,25.95,25.95,1,2013-12-27 06:00:00
358,25.92,25.65,25.65,25.65,301,2013-12-30 06:00:00
359,25.84,25.65,25.65,25.65,476,2013-12-31 06:00:00
360,25.83,25.83,25.665,25.67,1069,2014-01-02 06:00:00
361,25.8,25.8,25.8,25.8,1,2014-01-03 06:00:00
362,25.78,25.72,25.72,25.72,299,2014-01-06 06:00:00
363,25.84,25.75,25.75,25.75,251,2014-01-07 06:00:00
364,25.8,25.8,25.8,25.8,110,2014-01-08 06:00:00
365,26.01,26.3599,25.9,26.3599,1986,2014-01-14 06:00:00
366,26.16,26.16,26.0,26.0,2,2014-01-16 06:00:00
367,26.0,26.1516,25.75,26.1516,3300,2014-01-17 06:00:00
368,25.87,25.88,25.8601,25.8601,500,2014-01-21 06:00:00
369,25.89,25.89,25.89,25.89,200,2014-01-22 06:00:00
370,26.1,25.9,25.75,25.75,8001,2014-01-23 06:00:00
371,25.87,25.87,25.65,25.65,1200,2014-01-24 06:00:00
372,25.56,25.565,25.56,25.565,800,2014-01-27 06:00:00
373,25.76,25.79,25.79,25.79,22,2014-01-28 06:00:00
374,25.53,25.626,25.53,25.626,1410,2014-01-29 06:00:00
375,25.6,25.6,25.5,25.5,1300,2014-01-30 06:00:00
376,25.53,25.53,25.53,25.53,382,2014-01-31 06:00:00
377,25.5844,25.5844,25.56,25.58,4299,2014-02-04 06:00:00
378,25.6,25.6,25.531,25.6,2550,2014-02-05 06:00:00
379,25.56,25.56,25.53,25.53,1940,2014-02-06 06:00:00
380,25.6,25.6,25.5401,25.6,2184,2014-02-07 06:00:00
381,25.73,25.784,25.73,25.75,1614,2014-02-10 06:00:00
382,25.84,25.84,25.83,25.83,138,2014-02-11 06:00:00
383,25.82,25.82,25.82,25.82,70,2014-02-13 06:00:00
384,25.7,25.7,25.7,25.7,52,2014-02-18 06:00:00
385,25.7,25.7,25.7,25.7,100,2014-02-21 06:00:00
386,25.7,25.61,25.56,25.56,1200,2014-02-24 06:00:00
387,25.73,25.7899,25.7899,25.7899,319,2014-02-25 06:00:00
388,25.76,25.7,25.55,25.55,2773,2014-02-28 06:00:00
389,25.62,25.62,25.6,25.6,300,2014-03-03 06:00:00
390,25.78,25.78,25.78,25.78,10,2014-03-04 06:00:00
391,25.6001,25.6037,25.6,25.6,3853,2014-03-05 06:00:00
392,25.6,25.61,25.56,25.6001,3070,2014-03-06 06:00:00
393,25.74,25.78,25.55,25.78,3324,2014-03-07 06:00:00
394,25.5801,25.79,25.74,25.74,1019,2014-03-10 05:00:00
395,25.7794,25.7794,25.7794,25.7794,100,2014-03-12 05:00:00
396,25.75,25.75,25.75,25.75,145,2014-03-13 05:00:00
397,25.79,25.79,25.74,25.77,2500,2014-03-14 05:00:00
398,25.74,25.74,25.6101,25.6101,1505,2014-03-17 05:00:00
399,25.625,25.6374,25.5601,25.5601,1700,2014-03-19 05:00:00
400,25.6,25.71,25.6,25.7,1400,2014-03-20 05:00:00
401,25.75,25.71,25.71,25.71,2,2014-03-21 05:00:00
402,25.7491,25.7499,25.7491,25.7499,500,2014-03-24 05:00:00
403,25.76,25.76,25.6601,25.6601,558,2014-03-25 05:00:00
404,25.75,25.76,25.759,25.76,316,2014-03-26 05:00:00
405,25.8,26.13,25.7,26.13,1575,2014-03-27 05:00:00
406,25.7,25.7,25.7,25.7,180,2014-03-28 05:00:00
407,26.11,26.4,26.09,26.3999,2870,2014-03-31 05:00:00
408,25.81,25.81,25.7664,25.7664,501,2014-04-01 05:00:00
409,26.35,26.35,26.35,26.35,66,2014-04-02 05:00:00
410,26.3,26.3,25.7701,26.0,1860,2014-04-03 05:00:00
411,26.0,26.33,26.0,26.33,846,2014-04-04 05:00:00
412,25.7601,25.7601,25.7601,25.7601,200,2014-04-07 05:00:00
413,25.9,26.15,25.88,25.88,1103,2014-04-08 05:00:00
414,25.88,25.94,25.77,25.77,3040,2014-04-09 05:00:00
415,25.92,25.7001,25.7,25.7,536,2014-04-11 05:00:00
416,25.72,25.7201,25.72,25.7201,500,2014-04-14 05:00:00
417,25.74,25.74,25.711,25.711,1000,2014-04-15 05:00:00
418,25.89,25.96,25.6501,25.6501,630,2014-04-16 05:00:00
419,25.7001,25.7001,25.7001,25.7001,200,2014-04-22 05:00:00
420,25.88,26.16,25.88,26.07,1700,2014-04-24 05:00:00
421,26.17,25.97,25.97,25.97,166,2014-04-25 05:00:00
422,25.9601,26.1699,25.9601,26.1699,375,2014-04-29 05:00:00
423,26.07,26.11,25.83,26.11,3569,2014-04-30 05:00:00
424,26.05,26.05,26.05,26.05,300,2014-05-01 05:00:00
425,25.9701,25.9701,25.9701,25.9701,300,2014-05-06 05:00:00
426,26.0,26.0,25.87,25.87,600,2014-05-08 05:00:00
427,25.83,25.83,25.77,25.8,2438,2014-05-09 05:00:00
428,25.97,26.09,25.97,26.09,1900,2014-05-12 05:00:00
429,25.9999,25.9999,25.93,25.97,5274,2014-05-13 05:00:00
430,25.81,25.82,25.65,25.8152,13106,2014-05-16 05:00:00
431,25.78,25.81,25.78,25.8,2255,2014-05-19 05:00:00
432,25.87,25.87,25.85,25.85,200,2014-05-21 05:00:00
433,25.8,25.8,25.76,25.76,922,2014-05-22 05:00:00
434,25.85,25.85,25.85,25.85,200,2014-05-23 05:00:00
435,25.89,25.89,25.796,25.796,300,2014-05-27 05:00:00
436,25.8999,25.8999,25.8999,25.8999,788,2014-05-28 05:00:00
437,25.8,25.9,25.8,25.9,2371,2014-05-29 05:00:00
438,25.95,26.13,25.9794,26.13,3033,2014-05-30 05:00:00
439,25.8501,25.8501,25.8501,25.8501,739,2014-06-04 05:00:00
440,26.0,26.05,26.0,26.05,494,2014-06-06 05:00:00
441,25.96,25.96,25.85,25.85,4000,2014-06-10 05:00:00
442,25.85,25.8514,25.85,25.8514,2000,2014-06-11 05:00:00
443,25.9999,25.9999,25.9999,25.9999,200,2014-06-12 05:00:00
444,25.99,25.99,25.99,25.99,300,2014-06-13 05:00:00
445,25.99,25.99,25.7701,25.78,3800,2014-06-17 05:00:00
446,25.82,25.82,25.78,25.8,1900,2014-06-18 05:00:00
447,25.9099,25.9099,25.9099,25.9099,1600,2014-06-20 05:00:00
448,25.8,25.8,25.8,25.8,360,2014-06-24 05:00:00
449,25.91,25.85,25.8,25.8,1516,2014-06-25 05:00:00
450,25.8999,26.1,25.8999,26.1,2240,2014-06-26 05:00:00
451,26.16,26.032,26.0,26.032,808,2014-07-03 05:00:00
452,25.8901,25.8901,25.8901,25.8901,130,2014-07-07 05:00:00
453,26.08,26.08,25.99,25.99,2000,2014-07-09 05:00:00
454,25.9,26.046,25.9,26.046,600,2014-07-10 05:00:00
455,25.96,25.9501,25.95,25.95,400,2014-07-11 05:00:00
456,26.03,26.03,25.98,25.98,1402,2014-07-17 05:00:00
457,25.98,25.98,25.95,25.95,2000,2014-07-18 05:00:00
458,26.0,26.0,26.0,26.0,550,2014-07-21 05:00:00
459,26.0,26.0,25.95,25.9556,2325,2014-07-22 05:00:00
460,26.0,26.0,25.84,25.9885,700,2014-07-23 05:00:00
461,25.97,25.97,25.958,25.958,560,2014-07-25 05:00:00
462,25.99,25.99,25.99,25.99,400,2014-07-28 05:00:00
463,26.0,26.0,26.0,26.0,1000,2014-07-29 05:00:00
464,25.87,25.87,25.8,25.8,2000,2014-07-30 05:00:00
465,25.96,25.85,25.82,25.829,1552,2014-07-31 05:00:00
466,25.82,25.82,25.82,25.82,1000,2014-08-04 05:00:00
467,25.93,25.87,25.87,25.87,177,2014-08-05 05:00:00
468,25.83,25.87,25.87,25.87,201,2014-08-06 05:00:00
469,25.836,25.836,25.83,25.83,855,2014-08-07 05:00:00
470,25.83,25.83,25.82,25.82,300,2014-08-08 05:00:00
471,25.85,25.86,25.82,25.82,1430,2014-08-12 05:00:00
472,25.8201,25.85,25.8201,25.85,800,2014-08-13 05:00:00
473,25.83,25.83,25.83,25.83,200,2014-08-14 05:00:00
474,25.85,25.85,25.85,25.85,400,2014-08-15 05:00:00
475,25.81,25.81,25.8005,25.8005,200,2014-08-18 05:00:00
476,25.83,25.83,25.77,25.77,2130,2014-08-19 05:00:00
477,25.8399,25.8399,25.7999,25.7999,1619,2014-08-20 05:00:00
478,25.8,25.8,25.799,25.8,1177,2014-08-21 05:00:00
479,25.8,25.8,25.776,25.796,2085,2014-08-22 05:00:00
480,25.8,25.8,25.79,25.7999,8552,2014-08-26 05:00:00
481,25.7601,26.15,25.7601,26.15,2289,2014-08-27 05:00:00
482,25.9999,26.0,25.9999,25.9999,1635,2014-08-28 05:00:00
483,26.2,26.2,25.93,26.2,1276,2014-08-29 05:00:00
484,26.06,26.3001,26.01,26.19,8011,2014-09-02 05:00:00
485,26.08,26.85,25.8268,26.0901,75225,2014-09-03 05:00:00
486,26.12,26.6501,26.1199,26.29,49034,2014-09-04 05:00:00
487,26.28,26.57,26.2799,26.2899,44037,2014-09-05 05:00:00
488,26.1,26.62,26.08,26.53,23796,2014-09-08 05:00:00
489,26.22,26.68,26.22,26.4901,40146,2014-09-09 05:00:00
490,26.44,26.6,26.25,26.4099,49600,2014-09-10 05:00:00
491,26.45,27.04,26.36,26.77,77563,2014-09-11 05:00:00
492,26.8,26.9,26.8,26.85,23816,2014-09-12 05:00:00
493,26.79,26.8601,26.85,26.85,3201,2014-09-15 05:00:00
494,26.59,26.8,26.51,26.6,10800,2014-09-16 05:00:00
495,26.35,26.44,26.2,26.24,3200,2014-09-17 05:00:00
496,26.42,26.42,26.3,26.3,200,2014-09-19 05:00:00
497,26.34,26.37,26.25,26.25,2296,2014-09-23 05:00:00
498,26.34,26.39,26.26,26.26,4948,2014-09-24 05:00:00
499,26.25,26.25,26.25,26.25,340,2014-09-25 05:00:00
500,26.29,26.29,26.2,26.2,611,2014-09-26 05:00:00
501,26.2899,26.2899,26.2899,26.2899,461,2014-09-29 05:00:00
502,26.28,26.28,25.74,26.28,3237,2014-09-30 05:00:00
503,26.03,26.18,26.0224,26.126,15703,2014-10-01 05:00:00
504,26.17,26.23,26.14,26.23,6326,2014-10-02 05:00:00
505,26.21,26.21,26.2,26.2,1000,2014-10-03 05:00:00
506,26.29,26.29,26.0001,26.1,1600,2014-10-06 05:00:00
507,26.0,26.0,25.88,25.97,5323,2014-10-08 05:00:00
508,26.15,26.15,25.91,25.91,803,2014-10-09 05:00:00
509,26.0822,26.0822,26.0822,26.0822,201,2014-10-10 05:00:00
510,25.95,26.01,25.92,25.92,1400,2014-10-13 05:00:00
511,26.15,26.15,26.15,26.15,100,2014-10-14 05:00:00
512,25.96,26.15,25.9001,25.9001,919,2014-10-15 05:00:00
513,25.93,25.9399,25.742,25.742,8429,2014-10-16 05:00:00
514,25.89,25.89,25.89,25.89,491,2014-10-17 05:00:00
515,25.73,25.8501,25.73,25.8501,411,2014-10-21 05:00:00
516,26.05,26.05,26.05,26.05,200,2014-10-23 05:00:00
517,26.42,26.42,26.42,26.42,3227,2014-10-27 05:00:00
518,25.9,25.9,25.9,25.9,100,2014-10-29 05:00:00
519,26.39,26.39,26.39,26.39,829,2014-10-31 05:00:00
520,25.9,26.319,25.6574,26.319,1340,2014-11-03 06:00:00
521,26.24,26.24,26.24,26.24,700,2014-11-04 06:00:00
522,26.32,26.32,26.32,26.32,1225,2014-11-07 06:00:00
523,25.8501,26.269,25.8501,25.9,1200,2014-11-14 06:00:00
524,26.44,26.44,26.44,26.44,403,2014-11-17 06:00:00
525,26.28,26.28,26.28,26.28,195,2014-11-19 06:00:00
526,26.45,26.02,25.85,26.01,806,2014-11-21 06:00:00
527,25.94,25.9982,25.94,25.9801,4889,2014-11-25 06:00:00
528,25.859,26.24,25.51,25.95,2325,2014-12-03 06:00:00
529,25.85,25.85,25.85,25.85,200,2014-12-04 06:00:00
530,25.82,25.82,25.82,25.82,600,2014-12-05 06:00:00
531,25.82,25.82,25.76,25.76,5618,2014-12-08 06:00:00
532,25.83,25.83,25.83,25.83,400,2014-12-09 06:00:00
533,25.89,25.83,25.83,25.83,200,2014-12-11 06:00:00
534,25.95,25.95,25.75,25.78,1905,2014-12-15 06:00:00
535,25.72,25.79,25.67,25.79,1600,2014-12-16 06:00:00
536,25.8282,25.8282,25.6501,25.7499,2075,2014-12-17 06:00:00
537,25.75,25.75,25.74,25.74,552,2014-12-18 06:00:00
538,25.75,25.75,25.65,25.74,300,2014-12-19 06:00:00
539,25.6501,25.6501,25.6501,25.6501,1400,2014-12-23 06:00:00
540,25.75,25.85,25.66,25.66,1813,2014-12-26 06:00:00
541,25.73,25.75,25.7,25.75,700,2014-12-29 06:00:00
542,25.78,25.78,25.65,25.7299,1548,2014-12-30 06:00:00
543,25.75,25.829,25.75,25.8,596,2014-12-31 06:00:00
544,25.8499,25.8499,25.8499,25.8499,3500,2015-01-05 06:00:00
545,25.8099,25.8099,25.68,25.68,601,2015-01-06 06:00:00
546,25.7,25.7999,25.6999,25.6999,2051,2015-01-07 06:00:00
547,25.697,25.79,25.697,25.79,1048,2015-01-08 06:00:00
548,25.671,25.79,25.671,25.7899,900,2015-01-09 06:00:00
549,25.7,25.7,25.689,25.69,2000,2015-01-12 06:00:00
550,25.7,25.7,25.7,25.7,500,2015-01-13 06:00:00
551,25.65,25.7,25.65,25.7,1300,2015-01-14 06:00:00
552,25.67,25.6899,25.61,25.6899,890,2015-01-15 06:00:00
553,25.68,25.7,25.68,25.69,1300,2015-01-21 06:00:00
554,25.7,25.7,25.6,25.6,2846,2015-01-22 06:00:00
555,25.6,25.68,25.5613,25.68,504,2015-01-23 06:00:00
556,25.69,25.7,25.58,25.7,1820,2015-01-26 06:00:00
557,25.7,25.7,25.65,25.65,900,2015-01-28 06:00:00
558,25.7,25.7199,25.69,25.7199,1139,2015-01-29 06:00:00
559,25.65,25.85,25.65,25.8,3648,2015-01-30 06:00:00
560,25.94,25.82,25.8199,25.82,410,2015-02-03 06:00:00
561,25.81,25.82,25.81,25.82,1922,2015-02-04 06:00:00
562,25.71,25.71,25.71,25.71,100,2015-02-05 06:00:00
563,25.66,25.66,25.66,25.66,800,2015-02-06 06:00:00
564,25.7,25.76,25.6999,25.7,3230,2015-02-09 06:00:00
565,25.7,25.7,25.61,25.67,3641,2015-02-10 06:00:00
566,25.78,25.79,25.7,25.7,3184,2015-02-12 06:00:00
567,25.7,25.7,25.6442,25.6442,2424,2015-02-13 06:00:00
568,25.64,25.7,25.64,25.7,876,2015-02-17 06:00:00
569,25.691,25.691,25.65,25.65,511,2015-02-18 06:00:00
570,25.6101,25.6101,25.61,25.6101,1702,2015-02-20 06:00:00
571,25.68,25.6999,25.68,25.6999,1000,2015-02-23 06:00:00
572,25.7,25.7,25.699,25.7,1251,2015-02-24 06:00:00
573,25.6556,25.7,25.6556,25.7,200,2015-02-25 06:00:00
574,25.581,25.6999,25.581,25.6999,2470,2015-02-26 06:00:00
575,25.7,25.7599,25.7,25.7,1101,2015-02-27 06:00:00
576,25.5908,25.5908,25.58,25.58,610,2015-03-03 06:00:00
577,25.61,25.77,25.61,25.77,7218,2015-03-04 06:00:00
578,25.644,25.7401,25.6201,25.74,2100,2015-03-05 06:00:00
579,25.6,25.7,25.6,25.67,900,2015-03-06 06:00:00
580,25.7,25.7,25.7,25.7,100,2015-03-09 05:00:00
581,25.6474,25.77,25.55,25.77,4039,2015-03-10 05:00:00
582,25.59,25.59,25.59,25.59,200,2015-03-11 05:00:00
583,25.591,25.6,25.5907,25.6,1000,2015-03-12 05:00:00
584,25.59,25.61,25.59,25.6,1410,2015-03-13 05:00:00
585,25.71,25.71,25.5901,25.71,1519,2015-03-16 05:00:00
586,25.65,25.6601,25.65,25.6601,561,2015-03-18 05:00:00
587,25.67,25.76,25.759,25.76,1110,2015-03-19 05:00:00
588,25.7,25.7,25.55,25.55,1562,2015-03-23 05:00:00
589,25.651,25.651,25.651,25.651,200,2015-03-25 05:00:00
590,25.9,25.9,25.65,25.85,1981,2015-03-26 05:00:00
591,25.8599,25.8599,25.8599,25.8599,400,2015-03-27 05:00:00
592,25.66,25.75,25.58,25.58,3100,2015-03-30 05:00:00
593,25.69,25.99,25.69,25.918,3533,2015-03-31 05:00:00
594,25.7101,25.76,25.7101,25.76,1202,2015-04-01 05:00:00
595,25.7699,25.7699,25.7699,25.7699,200,2015-04-02 05:00:00
596,25.65,25.7,25.65,25.6501,1200,2015-04-06 05:00:00
597,25.77,25.88,25.75,25.75,3718,2015-04-07 05:00:00
598,25.749,25.749,25.62,25.65,2600,2015-04-08 05:00:00
599,25.66,25.66,25.65,25.65,900,2015-04-09 05:00:00
600,25.65,25.65,25.59,25.5995,2610,2015-04-10 05:00:00
601,25.6,25.6,25.6,25.6,325,2015-04-13 05:00:00
602,25.599,25.65,25.599,25.65,1600,2015-04-14 05:00:00
603,25.5982,25.61,25.59,25.61,2984,2015-04-15 05:00:00
604,25.69,25.6909,25.6,25.62,1800,2015-04-16 05:00:00
605,25.68,25.745,25.65,25.65,5563,2015-04-17 05:00:00
606,25.75,25.75,25.64,25.64,2330,2015-04-20 05:00:00
607,25.75,25.7501,25.75,25.75,650,2015-04-21 05:00:00
608,25.74,25.8,25.6799,25.8,4009,2015-04-22 05:00:00
609,25.749,25.749,25.62,25.62,594,2015-04-24 05:00:00
610,25.55,25.68,25.55,25.68,1472,2015-04-27 05:00:00
611,25.673,25.75,25.67,25.7499,4607,2015-04-28 05:00:00
612,25.83,25.83,25.83,25.83,685,2015-04-29 05:00:00
613,25.85,25.85,25.75,25.84,1377,2015-04-30 05:00:00
614,25.84,25.88,25.837,25.88,2000,2015-05-01 05:00:00
615,25.95,25.95,25.77,25.77,1375,2015-05-05 05:00:00
616,25.75,25.76,25.68,25.68,3099,2015-05-06 05:00:00
617,25.7,25.68,25.6201,25.6201,1905,2015-05-08 05:00:00
618,25.6501,25.86,25.65,25.65,3374,2015-05-11 05:00:00
619,25.66,25.66,25.63,25.65,1920,2015-05-12 05:00:00
620,25.66,25.66,25.56,25.6109,4010,2015-05-13 05:00:00
621,25.7299,25.73,25.7299,25.73,350,2015-05-14 05:00:00
622,25.6899,25.69,25.6894,25.6894,530,2015-05-15 05:00:00
623,25.69,25.69,25.6501,25.6501,850,2015-05-18 05:00:00
624,25.68,25.68,25.52,25.52,4014,2015-05-19 05:00:00
625,25.53,25.6399,25.51,25.54,1800,2015-05-20 05:00:00
626,25.55,25.629,25.55,25.629,1300,2015-05-21 05:00:00
627,25.63,25.63,25.629,25.629,1000,2015-05-22 05:00:00
628,25.53,25.69,25.53,25.635,4424,2015-05-27 05:00:00
629,25.68,25.85,25.5601,25.8499,4150,2015-05-28 05:00:00
630,25.85,25.85,25.6101,25.75,3632,2015-05-29 05:00:00
631,25.62,25.6501,25.62,25.6501,1703,2015-06-01 05:00:00
632,25.77,25.814,25.6701,25.8,702,2015-06-02 05:00:00
633,25.72,25.839,25.6705,25.839,898,2015-06-04 05:00:00
634,25.79,25.8,25.79,25.8,201,2015-06-05 05:00:00
635,25.71,25.71,25.69,25.7028,3303,2015-06-08 05:00:00
636,25.73,26.96,25.71,25.83,8221,2015-06-09 05:00:00
637,25.731,25.731,25.731,25.731,500,2015-06-10 05:00:00
638,25.73,25.7699,25.6103,25.64,1892,2015-06-11 05:00:00
639,25.74,25.74,25.61,25.61,1144,2015-06-15 05:00:00
640,25.65,25.65,25.6,25.65,1469,2015-06-16 05:00:00
641,25.54,25.62,25.5,25.62,601,2015-06-17 05:00:00
642,25.54,25.64,25.55,25.55,660,2015-06-18 05:00:00
643,25.5662,25.5662,25.5635,25.5635,664,2015-06-19 05:00:00
644,25.52,25.5899,25.31,25.3779,3505,2015-06-22 05:00:00
645,25.4001,25.54,25.4001,25.525,3200,2015-06-23 05:00:00
646,25.4101,25.63,25.4101,25.57,2571,2015-06-24 05:00:00
647,25.56,25.56,25.56,25.56,128,2015-06-25 05:00:00
648,25.459,25.6,25.459,25.4705,1261,2015-06-26 05:00:00
649,25.63,25.64,25.4904,25.51,2743,2015-06-29 05:00:00
650,25.51,25.5968,25.51,25.5201,601,2015-06-30 05:00:00
651,25.55,25.6,25.541,25.6,2300,2015-07-01 05:00:00
652,25.6,25.6,25.5999,25.5999,406,2015-07-02 05:00:00
653,25.63,25.63,25.63,25.63,240,2015-07-06 05:00:00
654,25.5999,25.5999,25.46,25.56,3999,2015-07-07 05:00:00
655,25.62,25.62,25.4801,25.585,1150,2015-07-08 05:00:00
656,25.45,25.59,25.45,25.585,580,2015-07-09 05:00:00
657,25.47,25.47,25.47,25.47,300,2015-07-10 05:00:00
658,25.47,25.47,25.1999,25.28,11991,2015-07-13 05:00:00
659,25.438,25.44,25.437,25.44,400,2015-07-15 05:00:00
660,25.35,25.4899,25.35,25.44,4347,2015-07-16 05:00:00
661,25.48,25.49,25.4019,25.4019,1400,2015-07-17 05:00:00
662,25.4,25.4,25.36,25.3601,1300,2015-07-20 05:00:00
663,25.3913,25.48,25.3811,25.45,1479,2015-07-21 05:00:00
664,25.48,25.48,25.24,25.24,2226,2015-07-22 05:00:00
665,25.29,25.38,25.29,25.38,3420,2015-07-23 05:00:00
666,25.4399,25.4799,25.4399,25.4401,3048,2015-07-24 05:00:00
667,25.51,25.51,25.38,25.39,1406,2015-07-27 05:00:00
668,25.4899,25.4899,25.4899,25.4899,450,2015-07-28 05:00:00
669,25.4699,25.4699,25.4699,25.4699,300,2015-07-29 05:00:00
670,25.46,25.4999,25.3901,25.3901,700,2015-07-30 05:00:00
671,25.45,25.468,25.45,25.45,645,2015-07-31 05:00:00
672,25.38,25.47,25.38,25.47,1008,2015-08-03 05:00:00
673,25.5,25.5,25.41,25.47,2894,2015-08-04 05:00:00
674,25.51,25.51,25.51,25.51,251,2015-08-05 05:00:00
675,25.8,25.8,25.4401,25.5675,1525,2015-08-06 05:00:00
676,25.56,25.59,25.56,25.57,1951,2015-08-07 05:00:00
677,25.51,25.51,25.48,25.48,1044,2015-08-10 05:00:00
678,25.66,25.78,25.51,25.5999,2050,2015-08-11 05:00:00
679,25.5101,25.53,25.51,25.5101,848,2015-08-12 05:00:00
680,25.5101,25.7,25.51,25.51,1479,2015-08-13 05:00:00
681,25.6,25.65,25.6,25.65,800,2015-08-17 05:00:00
682,25.65,25.65,25.629,25.629,1100,2015-08-19 05:00:00
683,25.65,25.65,25.6499,25.6499,300,2015-08-20 05:00:00
684,25.64,25.64,25.64,25.64,146,2015-08-21 05:00:00
685,25.3708,25.63,25.247,25.3372,1930,2015-08-24 05:00:00
686,25.3,25.3001,25.3,25.3001,600,2015-08-25 05:00:00
687,25.27,25.27,25.27,25.27,336,2015-08-26 05:00:00
688,25.34,25.34,25.32,25.33,1116,2015-08-27 05:00:00
689,25.35,25.45,25.35,25.45,2140,2015-08-28 05:00:00
690,25.57,25.612,25.54,25.594,3404,2015-08-31 05:00:00
691,25.61,25.61,25.61,25.61,394,2015-09-01 05:00:00
692,25.609,25.609,25.609,25.609,115,2015-09-02 05:00:00
693,25.6,25.6,25.394,25.394,842,2015-09-03 05:00:00
694,25.61,25.61,25.61,25.61,200,2015-09-04 05:00:00
695,25.55,25.55,25.55,25.55,319,2015-09-08 05:00:00
696,25.61,25.61,25.6099,25.61,1362,2015-09-09 05:00:00
697,25.6999,25.6999,25.6999,25.6999,310,2015-09-10 05:00:00
698,25.43,25.45,25.43,25.4301,4000,2015-09-11 05:00:00
699,25.64,25.64,25.486,25.59,661,2015-09-14 05:00:00
700,25.68,25.68,25.4,25.4,500,2015-09-18 05:00:00
701,25.5,25.5,25.4,25.4,1190,2015-09-21 05:00:00
702,25.38,25.38,25.38,25.38,100,2015-09-22 05:00:00
703,25.36,25.36,25.36,25.36,434,2015-09-23 05:00:00
704,25.49,25.5,25.4,25.4,1310,2015-09-24 05:00:00
705,25.33,25.5,25.33,25.5,279,2015-09-25 05:00:00
706,25.5,25.572,25.49,25.49,596,2015-09-28 05:00:00
707,25.4,25.4,25.4,25.4,1000,2015-09-29 05:00:00
708,25.68,25.68,25.68,25.68,130,2015-09-30 05:00:00
709,25.66,25.66,25.66,25.66,151,2015-10-01 05:00:00
710,25.41,25.68,25.4,25.42,1200,2015-10-05 05:00:00
711,25.42,25.42,25.42,25.42,100,2015-10-06 05:00:00
712,25.4,25.68,25.4,25.4001,2240,2015-10-07 05:00:00
713,25.5588,25.68,25.5588,25.671,2100,2015-10-09 05:00:00
714,25.34,25.34,25.34,25.34,397,2015-10-12 05:00:00
715,25.3434,25.3434,25.3434,25.3434,116,2015-10-13 05:00:00
716,25.36,25.36,25.36,25.36,125,2015-10-14 05:00:00
717,25.5,25.68,25.5,25.671,1535,2015-10-15 05:00:00
718,25.3601,25.68,25.31,25.672,6621,2015-10-16 05:00:00
719,25.36,25.6799,25.36,25.6799,468,2015-10-19 05:00:00
720,25.504,25.504,25.49,25.4999,980,2015-10-21 05:00:00
721,25.29,25.29,25.29,25.29,836,2015-10-22 05:00:00
722,25.47,25.47,25.28,25.3,4400,2015-10-23 05:00:00
723,25.43,25.43,25.43,25.43,700,2015-10-26 05:00:00
724,25.3,25.4,25.3,25.4,250,2015-10-27 05:00:00
725,25.45,25.45,25.3,25.3,2805,2015-10-28 05:00:00
726,25.31,25.35,25.31,25.35,1607,2015-10-29 05:00:00
727,25.41,25.58,25.37,25.58,10104,2015-10-30 05:00:00
728,25.57,25.59,25.57,25.59,1100,2015-11-02 06:00:00
729,25.4668,25.4668,25.45,25.459,900,2015-11-03 06:00:00
730,25.59,25.59,25.3501,25.3501,801,2015-11-04 06:00:00
731,25.5,25.5,25.5,25.5,100,2015-11-05 06:00:00
732,25.4,25.5699,25.4,25.5699,700,2015-11-06 06:00:00
733,25.2643,25.3,25.25,25.3,2006,2015-11-13 06:00:00
734,25.2501,25.2501,25.2501,25.2501,200,2015-11-16 06:00:00
735,25.3,25.3,25.25,25.3,1400,2015-11-17 06:00:00
736,25.27,25.3,25.27,25.29,1454,2015-11-18 06:00:00
737,25.29,25.3,25.29,25.2999,1296,2015-11-19 06:00:00
738,25.3,25.3,25.28,25.3,4000,2015-11-20 06:00:00
739,25.2976,25.3,25.2976,25.298,800,2015-11-23 06:00:00
740,25.25,25.251,25.25,25.251,354,2015-11-24 06:00:00
741,25.28,25.28,25.27,25.27,656,2015-11-25 06:00:00
742,25.251,25.26,25.25,25.26,2100,2015-11-27 06:00:00
743,25.46,25.46,25.3,25.3,733,2015-11-30 06:00:00
744,25.38,25.5,25.3,25.3,500,2015-12-01 06:00:00
745,25.3699,25.37,25.3699,25.37,1100,2015-12-04 06:00:00
746,25.304,25.3298,25.29,25.3,2470,2015-12-07 06:00:00
747,25.2,25.29,25.2,25.2899,1400,2015-12-08 06:00:00
748,25.21,25.28,25.21,25.217,500,2015-12-09 06:00:00
749,25.2101,25.2101,25.2101,25.2101,1002,2015-12-10 06:00:00
750,25.2,25.2,25.2,25.2,300,2015-12-11 06:00:00
751,25.217,25.28,25.1501,25.21,6125,2015-12-14 06:00:00
752,25.23,25.25,25.23,25.24,3779,2015-12-16 06:00:00
753,25.3,25.3,25.09,25.111,2837,2015-12-21 06:00:00
754,25.2999,25.2999,25.2999,25.2999,1050,2015-12-22 06:00:00
755,25.13,25.15,25.0203,25.11,2980,2015-12-23 06:00:00
756,25.1799,25.1799,25.1799,25.1799,400,2015-12-24 06:00:00
757,25.12,25.18,25.12,25.18,1104,2015-12-28 06:00:00
758,25.215,25.215,25.215,25.215,150,2015-12-29 06:00:00
759,25.1601,25.1601,25.16,25.16,201,2015-12-30 06:00:00
760,25.16,25.1708,25.16,25.16,800,2015-12-31 06:00:00
761,25.18,25.3,25.18,25.2999,7527,2016-01-04 06:00:00
762,25.3,25.45,25.28,25.3,14023,2016-01-05 06:00:00
763,25.44,25.44,25.301,25.3014,16450,2016-01-06 06:00:00
764,25.25,25.44,25.25,25.39,5700,2016-01-07 06:00:00
765,25.44,25.44,25.35,25.43,14154,2016-01-08 06:00:00
766,25.45,25.49,25.44,25.44,3285,2016-01-11 06:00:00
767,25.49,25.49,25.4101,25.44,4700,2016-01-12 06:00:00
768,25.489,25.49,25.47,25.49,1700,2016-01-13 06:00:00
769,25.49,25.49,25.39,25.39,3200,2016-01-14 06:00:00
770,25.39,25.4,25.25,25.4,4813,2016-01-15 06:00:00
771,25.49,25.49,25.3,25.3011,1246,2016-01-19 06:00:00
772,25.2301,25.3,25.2301,25.2999,2100,2016-01-20 06:00:00
773,25.3,25.3,25.3,25.3,432,2016-01-21 06:00:00
774,25.4,25.4895,25.2601,25.2601,1654,2016-01-22 06:00:00
775,25.2501,25.3971,25.25,25.3971,900,2016-01-25 06:00:00
776,25.29,25.47,25.29,25.35,1396,2016-01-26 06:00:00
777,25.4,25.4,25.3501,25.3501,484,2016-01-28 06:00:00
778,25.49,25.49,25.42,25.42,393,2016-02-02 06:00:00
779,25.424,25.49,25.42,25.49,1400,2016-02-04 06:00:00
780,25.4371,25.5258,25.3875,25.411,8034,2016-02-05 06:00:00
781,25.3501,25.49,25.35,25.3501,1501,2016-02-08 06:00:00
782,25.35,25.53,25.35,25.53,3900,2016-02-09 06:00:00
783,25.5124,25.5124,25.5124,25.5124,190,2016-02-10 06:00:00
784,25.36,25.41,25.35,25.36,1500,2016-02-11 06:00:00
785,25.53,25.6273,25.42,25.6273,2292,2016-02-12 06:00:00
786,25.77,25.8,25.32,25.79,5413,2016-02-16 06:00:00
787,25.44,25.5,25.15,25.5,6870,2016-02-17 06:00:00
788,25.3544,25.3544,25.2,25.2,6250,2016-02-18 06:00:00
789,25.28,25.52,25.2148,25.52,750,2016-02-22 06:00:00
790,25.3018,25.402,25.22,25.2675,3804,2016-02-24 06:00:00
791,25.3885,25.6078,25.375,25.39,7792,2016-02-25 06:00:00
792,25.58,25.58,25.58,25.58,600,2016-02-26 06:00:00
793,25.59,25.66,25.4999,25.4999,995,2016-02-29 06:00:00
794,25.4725,25.5799,25.4725,25.4999,1302,2016-03-01 06:00:00
795,25.5,25.55,25.5,25.51,1130,2016-03-02 06:00:00
796,25.51,25.6881,25.51,25.599,3300,2016-03-03 06:00:00
797,25.5,25.59,25.5,25.59,600,2016-03-04 06:00:00
798,25.5599,25.5599,25.55,25.55,250,2016-03-07 06:00:00
799,25.5,25.5,25.4,25.4,1100,2016-03-08 06:00:00
800,25.461,25.461,25.461,25.461,685,2016-03-09 06:00:00
801,25.55,25.64,25.55,25.6,1274,2016-03-10 06:00:00
802,25.472,25.5072,25.472,25.5072,1273,2016-03-11 06:00:00
803,25.65,25.71,25.45,25.45,1500,2016-03-15 05:00:00
804,25.6001,25.602,25.6,25.6,850,2016-03-16 05:00:00
805,25.5,25.7115,25.5,25.7115,1330,2016-03-18 05:00:00
806,25.699,25.699,25.699,25.699,1190,2016-03-22 05:00:00
807,25.5,25.6232,25.45,25.45,1300,2016-03-24 05:00:00
808,25.42,25.57,25.42,25.57,800,2016-03-29 05:00:00
809,25.6,25.6,25.6,25.6,1471,2016-03-30 05:00:00
810,25.7,25.7,25.42,25.5,736,2016-03-31 05:00:00
811,25.5012,25.5012,25.5012,25.5012,242,2016-04-01 05:00:00
812,25.5,25.5,25.4,25.4,1308,2016-04-04 05:00:00
813,25.49,25.5,25.49,25.5,675,2016-04-08 05:00:00
814,25.27,25.4899,25.16,25.28,3632,2016-04-11 05:00:00
815,25.27,25.46,25.26,25.425,5800,2016-04-12 05:00:00
816,25.4999,25.4999,25.31,25.4899,1555,2016-04-13 05:00:00
817,25.2801,25.291,25.2801,25.2801,1491,2016-04-14 05:00:00
818,25.3,25.32,25.3,25.3,570,2016-04-18 05:00:00
819,25.4,25.4,25.32,25.39,2325,2016-04-19 05:00:00
820,25.39,25.39,25.29,25.29,781,2016-04-20 05:00:00
821,25.33,25.33,25.33,25.33,200,2016-04-21 05:00:00
822,25.3,25.3,25.3,25.3,202,2016-04-22 05:00:00
823,25.3298,25.3298,25.3298,25.3298,1038,2016-04-25 05:00:00
824,25.3101,25.3101,25.31,25.31,200,2016-04-28 05:00:00
825,25.31,25.31,25.31,25.31,451,2016-04-29 05:00:00
826,25.44,25.47,25.44,25.47,974,2016-05-02 05:00:00
827,26.73,26.73,25.51,25.51,16916,2016-05-03 05:00:00
828,25.59,25.8,25.51,25.5101,1529,2016-05-04 05:00:00
829,25.35,25.35,25.35,25.35,3390,2016-05-05 05:00:00
830,25.36,25.44,25.3,25.43,2371,2016-05-06 05:00:00
831,25.3501,25.3501,25.3501,25.3501,210,2016-05-09 05:00:00
832,25.6299,25.6299,25.6299,25.6299,100,2016-05-10 05:00:00
833,25.5899,25.5899,25.5899,25.5899,125,2016-05-11 05:00:00
834,25.3601,25.37,25.35,25.35,1675,2016-05-12 05:00:00
835,25.26,25.31,25.2,25.2512,21980,2016-05-16 05:00:00
836,25.1,25.2,25.1,25.1,7408,2016-05-17 05:00:00
837,25.105,25.16,25.1,25.1,2254,2016-05-18 05:00:00
838,25.05,25.1544,25.05,25.14,25806,2016-05-19 05:00:00
839,25.1,25.15,25.07,25.1201,2814,2016-05-20 05:00:00
840,25.15,25.16,25.12,25.16,12523,2016-05-23 05:00:00
841,25.1,25.138,25.1,25.13,5795,2016-05-24 05:00:00
842,25.1709,25.2,25.1709,25.1999,1320,2016-05-25 05:00:00
843,25.25,25.25,25.16,25.16,5210,2016-05-26 05:00:00
844,25.17,25.21,25.16,25.17,4293,2016-05-27 05:00:00
845,25.21,25.22,25.16,25.202,1683,2016-05-31 05:00:00
846,25.2,25.22,25.1606,25.22,3575,2016-06-01 05:00:00
847,25.1999,25.2,25.1999,25.2,2300,2016-06-02 05:00:00
848,25.16,25.16,25.14,25.1599,14125,2016-06-03 05:00:00
849,25.16,25.2,25.16,25.1601,2938,2016-06-06 05:00:00
850,25.16,25.21,25.14,25.1799,2350,2016-06-07 05:00:00
851,25.18,25.2,25.13,25.1301,8470,2016-06-08 05:00:00
852,25.161,25.17,25.13,25.1699,1195,2016-06-09 05:00:00
853,25.17,25.17,25.13,25.15,6150,2016-06-10 05:00:00
854,25.13,25.22,25.13,25.22,1100,2016-06-13 05:00:00
855,25.1701,25.2089,25.17,25.2065,800,2016-06-14 05:00:00
856,25.2,25.2,25.11,25.1625,5254,2016-06-15 05:00:00
857,25.135,25.19,25.135,25.14,1281,2016-06-16 05:00:00
858,25.14,25.14,25.1,25.13,3052,2016-06-17 05:00:00
859,25.1,25.13,25.07,25.1127,1750,2016-06-20 05:00:00
860,25.1021,25.123,25.0701,25.0862,4215,2016-06-21 05:00:00
861,25.07,25.1,25.07,25.1,3075,2016-06-22 05:00:00
862,25.07,25.1,25.05,25.1,3739,2016-06-23 05:00:00
863,25.1,25.1,25.05,25.05,11122,2016-06-24 05:00:00
864,25.0825,25.09,25.0825,25.09,605,2016-06-27 05:00:00
865,25.077,25.11,25.01,25.11,3600,2016-06-28 05:00:00
866,25.11,25.155,25.0925,25.11,4860,2016-06-29 05:00:00
867,25.15,25.2,25.15,25.2,501,2016-06-30 05:00:00
868,25.15,25.2,25.1101,25.1601,10438,2016-07-01 05:00:00
869,25.5,25.5,25.1601,25.33,12823,2016-07-05 05:00:00
870,25.4,25.49,25.2479,25.3772,9030,2016-07-06 05:00:00
871,25.26,25.49,25.26,25.49,1893,2016-07-07 05:00:00
872,25.374,25.99,25.374,25.99,2856,2016-07-08 05:00:00
873,25.6799,26.11,25.48,25.614,6839,2016-07-11 05:00:00
874,25.7,25.7,25.5001,25.7,2043,2016-07-12 05:00:00
875,25.38,25.616,25.21,25.3499,19960,2016-07-13 05:00:00
876,25.3305,25.3305,25.19,25.19,1803,2016-07-14 05:00:00
877,25.25,25.28,25.19,25.19,6070,2016-07-15 05:00:00
878,25.35,25.35,25.25,25.34,3380,2016-07-18 05:00:00
879,25.2864,25.32,25.25,25.2501,11495,2016-07-19 05:00:00
880,25.18,25.18,25.1,25.17,4410,2016-07-20 05:00:00
881,25.12,25.12,25.12,25.12,760,2016-07-21 05:00:00
882,25.04,25.12,25.04,25.1,2335,2016-07-22 05:00:00
883,25.25,25.2999,25.1365,25.1365,3330,2016-07-25 05:00:00
884,25.2,25.22,25.2,25.21,500,2016-07-26 05:00:00
885,25.2001,25.25,25.2001,25.24,4635,2016-07-27 05:00:00
886,25.2001,25.2001,25.2,25.2,540,2016-07-28 05:00:00
887,25.24,25.24,25.24,25.24,592,2016-07-29 05:00:00
888,25.1407,25.3,25.1407,25.3,6148,2016-08-01 05:00:00
889,25.25,25.25,25.25,25.25,310,2016-08-02 05:00:00
890,25.31,25.5,25.31,25.38,11321,2016-08-03 05:00:00
891,25.31,25.31,25.095,25.095,206,2016-08-04 05:00:00
892,25.26,25.26,25.26,25.26,300,2016-08-05 05:00:00
893,25.26,26.49,25.2101,26.49,2954,2016-08-08 05:00:00
894,25.255,25.255,25.255,25.255,134,2016-08-10 05:00:00
895,25.4399,25.4399,25.3286,25.4199,566,2016-08-12 05:00:00
896,25.15,25.3282,25.15,25.3099,1755,2016-08-15 05:00:00
897,25.2999,25.2999,25.2999,25.2999,400,2016-08-16 05:00:00
898,25.28,25.33,25.1501,25.1501,3856,2016-08-17 05:00:00
899,25.336,25.3791,25.29,25.29,1150,2016-08-18 05:00:00
900,25.75,25.8121,25.6,25.8,65374,2019-10-04 05:00:00
901,25.93,25.93,25.6651,25.84,56110,2019-10-07 05:00:00
902,25.88,25.88,25.75,25.8232,26796,2019-10-08 05:00:00
903,25.84,25.98,25.75,25.98,51746,2019-10-09 05:00:00
904,25.91,26.05,25.81,26.0,44686,2019-10-10 05:00:00
905,25.86,25.99,25.68,25.9,26001,2019-10-11 05:00:00
906,25.99,26.5,25.853,26.35,77357,2019-10-14 05:00:00
907,26.49,26.49,26.07,26.37,23158,2019-10-15 05:00:00
908,26.33,26.5,26.2,26.3292,21731,2019-10-16 05:00:00
909,26.34,26.34,26.19,26.2001,14654,2019-10-17 05:00:00
910,26.2,26.4333,26.19,26.3,15358,2019-10-18 05:00:00
911,26.35,26.5,26.1383,26.35,12494,2019-10-21 05:00:00
912,26.5,26.5,26.19,26.22,14063,2019-10-22 05:00:00
913,27.49,27.49,26.25,26.4236,16517,2019-10-23 05:00:00
914,26.32,26.45,26.3,26.4,13798,2019-10-24 05:00:00
915,27.52,27.52,26.3001,26.48,10618,2019-10-25 05:00:00
916,26.36,26.4972,26.2,26.22,13406,2019-10-28 05:00:00
917,26.25,26.3,26.1,26.1,12535,2019-10-29 05:00:00
918,26.11,26.3398,26.1,26.25,13941,2019-10-30 05:00:00
919,26.31,26.4,26.25,26.25,9648,2019-10-31 05:00:00
920,26.3844,26.4355,26.3793,26.4289,2238,2019-11-01 05:00:00
921,26.3962,26.3962,26.3,26.3759,1254,2019-11-04 06:00:00
922,26.35,26.35,26.0,26.05,11591,2019-11-05 06:00:00
923,26.06,26.3,26.06,26.08,3715,2019-11-06 06:00:00
924,26.1,26.15,25.95,26.1,24210,2019-11-07 06:00:00
925,26.2,26.26,26.05,26.1,11603,2019-11-08 06:00:00
926,26.1819,26.2,26.1,26.1,2694,2019-11-11 06:00:00
927,26.39,26.39,26.1211,26.18,4056,2019-11-12 06:00:00
928,26.3579,26.3579,26.1501,26.2147,5382,2019-11-13 06:00:00
929,26.2014,26.34,26.2014,26.2144,7568,2019-11-14 06:00:00
930,26.29,26.29,26.2308,26.2591,1116,2019-11-15 06:00:00
931,26.2551,26.35,26.1826,26.35,4268,2019-11-18 06:00:00
932,26.2275,26.39,26.22,26.22,6584,2019-11-19 06:00:00
933,26.25,26.39,26.06,26.2885,16853,2019-11-20 06:00:00
934,26.39,26.39,26.2109,26.2452,3336,2019-11-21 06:00:00
935,26.08,26.39,26.04,26.1236,3365,2019-11-22 06:00:00
936,26.3,26.3,26.15,26.15,6280,2019-11-25 06:00:00
937,26.1692,26.3,26.15,26.2089,3237,2019-11-26 06:00:00
938,26.2403,26.2403,26.2403,26.2403,417,2019-11-27 06:00:00
939,26.2,26.24,26.1806,26.1806,1250,2019-11-29 06:00:00
940,26.1751,26.2398,26.1751,26.2398,1432,2019-12-02 06:00:00
941,26.15,26.15,26.06,26.1374,19968,2019-12-03 06:00:00
942,26.05,26.24,26.05,26.05,12250,2019-12-04 06:00:00
943,26.05,26.1,25.5401,26.1,25806,2019-12-05 06:00:00
944,26.02,26.15,25.9342,26.0579,13984,2019-12-06 06:00:00
945,26.17,26.18,26.0463,26.0463,2236,2019-12-09 06:00:00
946,26.01,26.0538,25.82,25.99,6236,2019-12-10 06:00:00
947,26.0,26.0,26.0,26.0,694,2019-12-11 06:00:00
948,26.13,26.1881,26.0,26.1501,35716,2019-12-12 06:00:00
949,26.178,26.19,26.15,26.16,1508,2019-12-13 06:00:00
950,26.23,26.24,26.1464,26.1464,8214,2019-12-16 06:00:00
951,26.1999,26.21,26.1604,26.21,1392,2019-12-17 06:00:00
952,26.2442,26.38,26.23,26.23,2991,2019-12-18 06:00:00
953,26.1562,26.38,26.1,26.38,1713,2019-12-19 06:00:00
954,26.14,26.35,26.14,26.2073,1910,2019-12-20 06:00:00
955,26.1,26.38,26.075,26.38,6465,2019-12-23 06:00:00
956,26.2735,26.2735,26.1913,26.1913,503,2019-12-24 06:00:00
957,26.39,26.42,26.23,26.306,25832,2019-12-26 06:00:00
958,26.3,26.56,26.2126,26.3058,2442,2019-12-27 06:00:00
959,26.2076,26.38,26.1514,26.1514,3100,2019-12-30 06:00:00
960,26.318,26.39,26.318,26.39,2257,2019-12-31 06:00:00
961,26.3502,26.3577,26.1812,26.3577,1332,2020-01-02 06:00:00
962,26.15,26.39,26.15,26.229,6195,2020-01-03 06:00:00
963,26.85,26.85,26.19,26.19,5304,2020-01-06 06:00:00
964,26.65,26.65,26.2634,26.5234,7864,2020-01-07 06:00:00
965,26.46,26.75,26.41,26.65,21045,2020-01-08 06:00:00
966,26.5083,26.6376,26.5083,26.516,1042,2020-01-09 06:00:00
967,26.449,26.78,26.32,26.78,17464,2020-01-10 06:00:00
968,26.78,26.82,26.65,26.82,7601,2020-01-13 06:00:00
969,26.83,26.83,26.57,26.635,7962,2020-01-14 06:00:00
970,26.85,26.85,26.65,26.84,4152,2020-01-15 06:00:00
971,26.55,26.8298,26.34,26.8298,3865,2020-01-16 06:00:00
972,26.84,27.11,26.6981,26.9128,18012,2020-01-17 06:00:00
973,26.8,27.0,26.8,26.85,3395,2020-01-21 06:00:00
974,27.0196,27.02,26.85,26.8563,2758,2020-01-22 06:00:00
975,26.99,26.99,26.83,26.915,16700,2020-01-23 06:00:00
976,26.8,26.8117,26.715,26.8117,4469,2020-01-24 06:00:00
977,26.86,26.9,26.64,26.9,3357,2020-01-27 06:00:00
978,26.91,26.97,26.88,26.93,2780,2020-01-28 06:00:00
979,26.98,27.0743,26.96,27.0743,3426,2020-01-29 06:00:00
980,26.9001,27.1366,26.9,27.0912,4251,2020-01-30 06:00:00
981,27.27,27.28,26.93,26.9812,3828,2020-01-31 06:00:00
982,27.0738,27.2288,27.0015,27.2288,2649,2020-02-03 06:00:00
983,27.1652,27.1986,27.07,27.1726,12188,2020-02-04 06:00:00
984,27.18,27.18,26.7,26.7,1595,2020-02-05 06:00:00
985,27.2,27.2,26.7,26.7634,9572,2020-02-06 06:00:00
986,27.0,27.0,26.63,26.9468,1420,2020-02-07 06:00:00
987,27.15,27.15,26.98,27.0,3783,2020-02-10 06:00:00
988,27.0408,27.19,26.85,27.19,2510,2020-02-11 06:00:00
989,26.8,26.855,26.64,26.7509,7511,2020-02-12 06:00:00
990,26.7835,27.19,26.7835,27.19,2709,2020-02-13 06:00:00
991,27.19,27.24,26.6718,26.7956,10108,2020-02-14 06:00:00
992,26.94,27.15,26.94,27.0,3205,2020-02-18 06:00:00
993,27.0,27.15,26.85,27.15,8192,2020-02-19 06:00:00
994,27.0665,27.49,26.754,27.2459,6779,2020-02-20 06:00:00
995,26.75,27.2,26.74,27.05,4075,2020-02-21 06:00:00
996,26.7,27.21,26.7,26.8657,5477,2020-02-24 06:00:00
997,26.74,27.0552,26.65,26.7616,8546,2020-02-25 06:00:00
998,26.72,26.75,26.25,26.5,6902,2020-02-26 06:00:00
999,26.375,26.4975,26.25,26.4975,3854,2020-02-27 06:00:00
1000,26.25,26.25,25.768,26.0,13484,2020-02-28 06:00:00
1001,26.14,26.5305,25.87,26.3,11225,2020-03-02 06:00:00
1002,26.1558,26.1558,26.025,26.0713,2936,2020-03-03 06:00:00
1003,26.1,26.83,25.958,26.667,10108,2020-03-04 06:00:00
1004,26.67,26.67,26.05,26.1092,6527,2020-03-05 06:00:00
1005,26.06,26.0914,25.81,25.8799,31194,2020-03-06 06:00:00
1006,25.71,25.948,25.57,25.7,6987,2020-03-09 05:00:00
1007,26.168,26.168,25.55,25.755,15783,2020-03-10 05:00:00
1008,25.7,26.5,24.92,25.3,17047,2020-03-11 05:00:00
1009,25.06,25.06,23.88,23.9805,23621,2020-03-12 05:00:00
1010,24.6,24.9899,23.0,23.0,8350,2020-03-13 05:00:00
1011,22.46,22.46,18.26,20.36,9664,2020-03-16 05:00:00
1012,21.14,21.7106,20.39,21.2,10986,2020-03-17 05:00:00
1013,17.6,18.25,10.643,11.87,24698,2020-03-18 05:00:00
1014,11.25,16.7561,10.5625,16.0999,13515,2020-03-19 05:00:00
1015,18.8,20.0,18.79,18.8716,7207,2020-03-20 05:00:00
1016,14.42,19.25,14.42,19.25,6622,2020-03-23 05:00:00
1017,17.33,21.0,17.33,20.04,22015,2020-03-24 05:00:00
1018,19.7,21.0,19.5,20.29,23145,2020-03-25 05:00:00
1019,20.5,21.4209,19.1,19.2571,13433,2020-03-26 05:00:00
1020,20.99,21.0,19.85,19.85,8403,2020-03-27 05:00:00
1021,20.5859,21.0,19.0,19.0,17575,2020-03-30 05:00:00
1022,18.75,19.681,17.87,17.87,6944,2020-03-31 05:00:00
1023,17.8,18.5,17.3,17.9,14407,2020-04-01 05:00:00
1024,18.5,19.93,18.49,18.6921,4983,2020-04-02 05:00:00
1025,19.0,19.0,17.044,18.0583,3561,2020-04-03 05:00:00
1026,18.0075,18.5,17.45,17.6,13742,2020-04-06 05:00:00
1027,17.12,19.7461,17.12,17.6,7092,2020-04-07 05:00:00
1028,19.0,19.0,17.18,18.6617,4041,2020-04-08 05:00:00
1029,19.5,20.43,18.3,18.9,6550,2020-04-09 05:00:00
1030,20.0,20.0,19.0,19.1912,5024,2020-04-13 05:00:00
1031,19.95,20.9,19.6747,19.6747,8393,2020-04-14 05:00:00
1032,19.2001,20.28,18.35,19.15,4616,2020-04-15 05:00:00
1033,19.46,20.12,19.4,19.4,5330,2020-04-16 05:00:00
1034,20.25,20.75,20.25,20.49,17176,2020-04-17 05:00:00
1035,20.5,20.67,20.0465,20.0465,4949,2020-04-20 05:00:00
1036,19.2451,20.14,19.2451,20.0,1835,2020-04-21 05:00:00
1037,19.9269,20.0,19.15,19.55,6634,2020-04-22 05:00:00
1038,20.0,20.82,19.06,20.15,25014,2020-04-23 05:00:00
1039,20.15,20.15,19.22,19.5637,10959,2020-04-24 05:00:00
1040,19.59,19.9,19.59,19.9,11034,2020-04-27 05:00:00
1041,20.15,20.56,19.8622,20.5598,20802,2020-04-28 05:00:00
1042,20.7,22.741,20.6999,21.93,27422,2020-04-29 05:00:00
1043,21.93,22.7,21.0,21.0,3811,2020-04-30 05:00:00
1044,21.28,21.8173,20.3997,20.7,6272,2020-05-01 05:00:00
1045,20.7,22.0,20.2101,20.38,17250,2020-05-04 05:00:00
1046,21.04,21.04,20.1,20.1,44901,2020-05-05 05:00:00
1047,20.09,21.65,20.03,20.89,21722,2020-05-06 05:00:00
1048,21.19,21.99,20.9,21.57,12165,2020-05-07 05:00:00
1049,21.41,21.41,21.2805,21.38,15423,2020-05-08 05:00:00
1050,21.25,21.4,20.09,20.11,21958,2020-05-11 05:00:00
1051,20.49,20.925,20.0,20.0,20792,2020-05-12 05:00:00
1052,20.4768,20.99,20.0,20.5458,13963,2020-05-13 05:00:00
1053,20.2,20.8545,20.08,20.5001,19116,2020-05-14 05:00:00
1054,20.35,20.94,20.07,20.7975,18482,2020-05-15 05:00:00
1055,21.0,21.95,20.81,21.29,32859,2020-05-18 05:00:00
1056,21.5,21.7095,21.5,21.5,2033,2020-05-19 05:00:00
1057,21.36,21.8,21.0825,21.3912,10501,2020-05-20 05:00:00
1058,21.065,21.3247,21.0,21.01,3529,2020-05-21 05:00:00
1059,21.0079,21.55,21.0079,21.55,4875,2020-05-22 05:00:00
1060,21.68,22.2,21.6,21.7,32525,2020-05-26 05:00:00
1061,22.17,22.72,22.1,22.43,6300,2020-05-27 05:00:00
1062,22.45,22.65,22.255,22.3481,3819,2020-05-28 05:00:00
1063,22.5,22.64,22.35,22.64,8543,2020-05-29 05:00:00
1064,22.73,23.29,22.5,22.92,11470,2020-06-01 05:00:00
1065,22.8,23.445,22.8,23.07,8313,2020-06-02 05:00:00
1066,23.38,24.27,23.3441,23.75,8945,2020-06-03 05:00:00
1067,23.78,24.5,23.78,23.84,7101,2020-06-04 05:00:00
1068,24.2644,24.5,24.15,24.5,2880,2020-06-05 05:00:00
1069,24.67,24.69,24.2,24.4999,5360,2020-06-08 05:00:00
1070,24.2,24.532,24.1554,24.22,23802,2020-06-09 05:00:00
1071,24.22,24.455,24.22,24.455,5489,2020-06-10 05:00:00
1072,24.22,24.69,23.85,24.0,7647,2020-06-11 05:00:00
1073,24.04,24.19,23.9,23.9,3800,2020-06-12 05:00:00
1074,23.82,23.9011,23.48,23.9,3409,2020-06-15 05:00:00
1075,23.9,24.68,23.23,23.5,17233,2020-06-16 05:00:00
1076,23.6,24.4,23.5665,23.75,22858,2020-06-17 05:00:00
1077,23.625,23.8,23.5,23.5,7391,2020-06-18 05:00:00
1078,23.5,23.61,23.5,23.55,4229,2020-06-19 05:00:00
1079,23.51,23.6,23.5,23.55,4884,2020-06-22 05:00:00
1080,23.58,23.58,23.45,23.5,14229,2020-06-23 05:00:00
1081,23.3,23.45,23.2499,23.25,2700,2020-06-24 05:00:00
1082,23.19,23.6,23.19,23.6,4116,2020-06-25 05:00:00
1083,23.5665,23.5665,23.3,23.425,1087,2020-06-26 05:00:00
1084,23.49,23.49,23.0897,23.2,29144,2020-06-29 05:00:00
1085,23.22,23.3,23.2,23.2,919,2020-06-30 05:00:00
1086,23.15,23.45,22.9,22.95,9440,2020-07-01 05:00:00
1087,23.215,23.22,22.95,22.95,6423,2020-07-02 05:00:00
1088,23.09,23.09,22.75,22.9,10738,2020-07-06 05:00:00
1089,22.68,23.03,21.01,22.2499,21225,2020-07-07 05:00:00
1090,22.575,22.9,22.41,22.45,4577,2020-07-08 05:00:00
1091,22.575,22.6873,22.3,22.3,3255,2020-07-09 05:00:00
1092,22.24,22.5,22.24,22.275,5788,2020-07-10 05:00:00
1093,22.41,22.41,22.2,22.2,9795,2020-07-13 05:00:00
1094,22.07,22.3799,22.07,22.125,8716,2020-07-14 05:00:00
1095,22.25,22.51,22.0,22.0,14299,2020-07-15 05:00:00
1096,22.04,22.37,22.0,22.27,5329,2020-07-16 05:00:00
1097,22.23,23.0,22.21,22.55,11252,2020-07-17 05:00:00
1098,22.75,22.8384,22.405,22.55,19155,2020-07-20 05:00:00
1099,22.76,22.7848,22.47,22.485,14978,2020-07-21 05:00:00
1100,22.6501,22.815,22.543,22.73,22077,2020-07-22 05:00:00
1101,22.61,23.0,22.6,22.8884,29514,2020-07-23 05:00:00
1102,22.66,23.4499,22.66,23.0,8800,2020-07-24 05:00:00
1103,23.1001,23.4001,23.05,23.05,37023,2020-07-27 05:00:00
1104,23.05,23.34,23.05,23.31,15062,2020-07-28 05:00:00
1105,23.49,23.49,23.17,23.26,16431,2020-07-29 05:00:00
1106,23.23,24.025,23.23,23.85,22147,2020-07-30 05:00:00
1107,23.825,24.2115,23.48,24.2115,10566,2020-07-31 05:00:00
1108,24.3899,24.4701,24.35,24.47,14683,2020-08-03 05:00:00
1109,24.5,24.5761,24.49,24.5,10084,2020-08-04 05:00:00
1110,24.51,24.8,24.5,24.63,14317,2020-08-05 05:00:00
1111,24.6,24.73,24.6,24.72,11219,2020-08-06 05:00:00
1112,24.695,25.15,24.695,25.0,5444,2020-08-07 05:00:00
1113,24.9002,25.15,24.9,25.01,16101,2020-08-10 05:00:00
1114,24.96,25.04,24.95,25.03,15240,2020-08-11 05:00:00
1115,25.0,25.05,25.0,25.0,12559,2020-08-12 05:00:00
1116,25.0,25.21,25.0,25.21,21518,2020-08-13 05:00:00
1117,25.0727,25.1905,25.0,25.15,8659,2020-08-14 05:00:00
1118,25.23,25.23,25.195,25.2,48001,2020-08-17 05:00:00
1119,25.14,25.198,25.06,25.13,2632,2020-08-18 05:00:00
1120,25.0001,25.25,25.0,25.25,20503,2020-08-19 05:00:00
1121,25.352,25.66,25.3,25.55,15178,2020-08-20 05:00:00
1122,25.4,25.8002,25.4,25.725,6730,2020-08-21 05:00:00
1123,25.7,25.865,25.69,25.85,15926,2020-08-24 05:00:00
1124,25.55,25.85,25.55,25.58,6632,2020-08-25 05:00:00
1125,25.38,25.38,25.14,25.14,1168,2020-08-26 05:00:00
1126,25.12,25.85,25.11,25.85,12958,2020-08-27 05:00:00
1127,25.44,25.465,25.1756,25.18,1207,2020-08-28 05:00:00
1128,25.3071,25.355,25.07,25.125,3057,2020-08-31 05:00:00
1129,25.223,25.223,25.0,25.12,6055,2020-09-01 05:00:00
1130,25.12,25.19,25.1,25.1,5640,2020-09-02 05:00:00
1131,24.56,25.075,23.9664,24.98,6983,2020-09-03 05:00:00
1132,24.98,24.98,24.25,24.25,15148,2020-09-04 05:00:00
1133,24.715,24.715,24.2318,24.325,6629,2020-09-08 05:00:00
1134,24.5,24.85,24.5,24.7,17723,2020-09-09 05:00:00
1135,24.9851,25.0402,24.8038,25.0402,2460,2020-09-10 05:00:00
1136,25.15,25.385,25.09,25.153,19180,2020-09-11 05:00:00
1137,25.15,25.44,25.15,25.2485,8851,2020-09-14 05:00:00
1138,25.25,25.3763,25.25,25.35,12070,2020-09-15 05:00:00
1139,25.45,25.534,25.37,25.4974,7994,2020-09-16 05:00:00
1140,25.45,25.556,25.45,25.47,11230,2020-09-17 05:00:00
1141,25.1151,25.5,25.1151,25.2925,3159,2020-09-18 05:00:00
1142,24.78,25.2187,24.76,24.9453,9127,2020-09-21 05:00:00
1143,25.0,25.0,24.9,24.9,3926,2020-09-22 05:00:00
1144,24.9843,25.265,24.51,24.9288,8459,2020-09-23 05:00:00
1145,24.6184,24.8324,24.6184,24.7126,1723,2020-09-24 05:00:00
1146,24.81,24.86,24.81,24.85,8470,2020-09-25 05:00:00
1147,24.865,25.1874,24.865,24.95,12761,2020-09-28 05:00:00
1148,25.0,25.16,24.94,25.0,13523,2020-09-29 05:00:00
1149,25.1,25.336,25.0,25.32,19710,2020-09-30 05:00:00
1150,25.4,25.4,25.01,25.0116,18585,2020-10-01 05:00:00
1151,25.0,25.06,25.0,25.046,2528,2020-10-02 05:00:00
1152,25.0,25.05,25.0,25.0,11421,2020-10-05 05:00:00
1153,25.05,25.1,25.0,25.0,22281,2020-10-06 05:00:00
1154,25.05,25.275,25.05,25.05,9920,2020-10-07 05:00:00
1155,25.145,25.2899,25.05,25.09,3345,2020-10-08 05:00:00
1156,25.18,25.2,25.08,25.08,2048,2020-10-09 05:00:00
1157,25.1,25.16,25.06,25.06,13455,2020-10-12 05:00:00
1158,25.1,25.138,25.1,25.1,4491,2020-10-13 05:00:00
1159,25.16,25.3,25.15,25.15,2625,2020-10-14 05:00:00
1160,25.05,25.2499,24.9,25.1,8716,2020-10-15 05:00:00
1161,25.2,25.2981,24.97,24.99,9484,2020-10-16 05:00:00
1162,25.12,25.16,25.105,25.13,6476,2020-10-19 05:00:00
1163,25.15,25.25,25.13,25.2,12522,2020-10-20 05:00:00
1164,25.2,25.25,25.15,25.2002,6690,2020-10-21 05:00:00
1165,24.84,25.18,24.84,25.16,3195,2020-10-22 05:00:00
1166,25.08,25.2,24.99,25.18,8488,2020-10-23 05:00:00
1167,25.24,25.24,25.02,25.1,4047,2020-10-26 05:00:00
1168,25.19,25.2225,25.05,25.2,18369,2020-10-27 05:00:00
1169,25.31,25.3133,24.93,25.24,13644,2020-10-28 05:00:00
1170,25.0708,25.1,24.99,25.02,7649,2020-10-29 05:00:00
1171,25.0495,25.115,24.75,24.9,10213,2020-10-30 05:00:00
1172,25.41,25.41,24.66,24.87,7621,2020-11-02 06:00:00
1173,24.99,25.39,24.8883,25.1773,4474,2020-11-03 06:00:00
1174,24.8,24.94,24.6,24.81,9017,2020-11-04 06:00:00
1175,24.84,25.11,24.7915,25.09,4636,2020-11-05 06:00:00
1176,25.0,25.0596,25.0,25.05,3506,2020-11-06 06:00:00
1177,25.17,25.17,24.92,25.12,6395,2020-11-09 06:00:00
1178,25.135,25.15,25.1,25.15,7124,2020-11-10 06:00:00
1179,25.2885,25.2885,25.12,25.15,5137,2020-11-11 06:00:00
1180,25.2958,25.34,25.05,25.05,8423,2020-11-12 06:00:00
1181,25.07,25.11,24.9716,24.9716,15079,2020-11-13 06:00:00
1182,25.08,25.95,25.08,25.95,21784,2020-11-16 06:00:00
1183,25.5,28.87,25.2,28.87,19124,2020-11-17 06:00:00
1184,26.5,26.86,25.39,26.59,19449,2020-11-18 06:00:00
1185,26.15,27.5,25.44,27.495,9293,2020-11-19 06:00:00
1186,27.34,27.34,25.63,27.0,60283,2020-11-20 06:00:00
1187,26.99,27.24,26.2,26.97,64197,2020-11-23 06:00:00
1188,26.99,26.99,26.5819,26.77,3133,2020-11-24 06:00:00
1189,26.32,26.95,26.03,26.93,22603,2020-11-25 06:00:00
1190,26.55,26.82,26.4,26.585,5310,2020-11-27 06:00:00
1191,26.5,26.58,25.56,25.95,36157,2020-11-30 06:00:00
1192,25.95,25.99,25.91,25.99,2414,2020-12-01 06:00:00
1193,25.913,26.12,25.75,25.75,1491,2020-12-02 06:00:00
1194,25.86,25.9,25.66,25.7,6564,2020-12-03 06:00:00
1195,25.8,25.88,25.66,25.66,5018,2020-12-04 06:00:00
1196,25.66,25.67,25.43,25.58,4338,2020-12-07 06:00:00
1197,25.5036,25.86,25.5036,25.6,3312,2020-12-08 06:00:00
1198,25.72,25.94,25.68,25.94,7401,2020-12-09 06:00:00
1199,25.85,25.85,25.65,25.65,1563,2020-12-10 06:00:00
1200,25.74,25.74,25.74,25.74,170,2020-12-11 06:00:00
1201,25.65,25.705,25.6,25.65,16143,2020-12-14 06:00:00
1202,25.69,25.81,25.54,25.76,98122,2020-12-15 06:00:00
1203,25.8,25.8,25.57,25.62,48239,2020-12-16 06:00:00
1204,25.61,25.7275,25.61,25.61,1094,2020-12-17 06:00:00
1205,25.61,25.6309,25.47,25.51,19612,2020-12-18 06:00:00
1206,25.51,25.58,25.4,25.4,5788,2020-12-21 06:00:00
1207,25.5,25.5,25.24,25.29,2326,2020-12-22 06:00:00
1208,25.29,25.4,25.255,25.32,1627,2020-12-23 06:00:00
1209,25.27,25.4979,25.07,25.13,7059,2020-12-24 06:00:00
1210,25.2071,25.21,24.68,25.16,31144,2020-12-28 06:00:00
1211,25.2,25.3,25.2,25.21,24334,2020-12-29 06:00:00
1212,25.25,25.42,25.25,25.3,6288,2020-12-30 06:00:00
1213,25.44,25.48,25.32,25.32,1813,2020-12-31 06:00:00
1214,25.356,25.356,25.1,25.2,12143,2021-01-04 06:00:00
1215,25.236,25.2882,25.1,25.28,11803,2021-01-05 06:00:00
1216,25.18,25.28,25.13,25.28,20239,2021-01-06 06:00:00
1217,25.18,25.27,25.11,25.11,16733,2021-01-07 06:00:00
1218,25.1301,25.25,25.13,25.19,8092,2021-01-08 06:00:00
1219,25.19,25.2,25.19,25.19,635,2021-01-11 06:00:00
1220,25.27,25.35,25.13,25.14,6343,2021-01-12 06:00:00
1221,25.14,25.3195,25.1,25.17,8076,2021-01-13 06:00:00
1222,25.18,25.37,25.1703,25.36,15634,2021-01-14 06:00:00
1223,25.32,25.3877,25.2,25.23,17403,2021-01-15 06:00:00
1224,25.28,25.28,25.23,25.28,15152,2021-01-19 06:00:00
1225,25.25,25.32,25.22,25.32,21728,2021-01-20 06:00:00
1226,25.25,25.25,25.11,25.16,20925,2021-01-21 06:00:00
1227,25.18,25.35,25.16,25.3,5110,2021-01-22 06:00:00
1228,25.3,25.32,25.16,25.28,5150,2021-01-25 06:00:00
1229,25.24,25.49,25.22,25.35,13519,2021-01-26 06:00:00
1230,25.29,25.68,25.1901,25.4556,20587,2021-01-27 06:00:00
1231,25.66,25.78,25.355,25.6,4968,2021-01-28 06:00:00
1232,25.75,25.75,25.51,25.72,2401,2021-01-29 06:00:00
1233,25.7,25.8,25.59,25.74,8962,2021-02-01 06:00:00
1234,25.8,25.9871,25.455,25.69,13657,2021-02-02 06:00:00
1235,25.71,26.1,25.69,25.88,13571,2021-02-03 06:00:00
1236,25.99,25.99,25.78,25.9,5152,2021-02-04 06:00:00
1237,25.77,26.12,25.65,25.985,7154,2021-02-05 06:00:00
1238,26.08,26.08,25.7,25.965,2170,2021-02-08 06:00:00
1239,25.8119,25.8397,25.71,25.75,3410,2021-02-09 06:00:00
1240,25.88,25.88,25.8,25.8408,782,2021-02-10 06:00:00
1241,25.8705,25.92,25.82,25.82,2458,2021-02-11 06:00:00
1242,25.82,25.9437,25.8,25.802,3196,2021-02-12 06:00:00
1243,25.82,25.9962,25.734,25.87,13342,2021-02-16 06:00:00
1244,25.735,26.04,25.735,26.04,2629,2021-02-17 06:00:00
1245,26.1,26.15,26.003,26.15,2058,2021-02-18 06:00:00
1246,25.9,25.9,25.8587,25.88,5658,2021-02-19 06:00:00
1247,25.8,26.1,25.6838,25.83,2551,2021-02-22 06:00:00
1248,25.78,25.94,25.7725,25.85,2923,2021-02-23 06:00:00
1249,25.71,25.75,25.7,25.7,1431,2021-02-24 06:00:00
1250,25.82,25.85,25.555,25.624,5187,2021-02-25 06:00:00
1251,25.58,25.6058,25.58,25.6058,1199,2021-02-26 06:00:00
1252,25.83,25.83,25.56,25.63,5761,2021-03-01 06:00:00
1253,25.58,25.75,25.5,25.75,19690,2021-03-02 06:00:00
1254,25.58,25.75,25.56,25.75,12837,2021-03-03 06:00:00
1255,25.79,25.9209,25.6305,25.7951,3689,2021-03-04 06:00:00
1256,25.69,25.88,25.61,25.74,2244,2021-03-05 06:00:00
1257,25.85,26.1,25.84,25.87,5061,2021-03-08 06:00:00
1258,26.09,26.21,26.067,26.21,2262,2021-03-09 06:00:00
1259,26.21,26.21,26.13,26.13,626,2021-03-10 06:00:00
1260,26.2,26.2,26.0,26.0,1565,2021-03-11 06:00:00
1261,26.05,26.05,25.82,25.82,7832,2021-03-12 06:00:00
1262,25.98,26.0664,25.87,26.0,2698,2021-03-15 05:00:00
1263,26.0,26.22,25.985,26.2153,1545,2021-03-16 05:00:00
1264,25.8217,26.0513,25.8217,26.0,1575,2021-03-17 05:00:00
1265,25.98,26.093,25.98,25.98,768,2021-03-18 05:00:00
1266,26.19,26.21,26.19,26.21,456,2021-03-19 05:00:00
1267,26.09,26.09,25.95,26.075,1432,2021-03-22 05:00:00
1268,25.6852,25.9,25.6852,25.9,1036,2021-03-23 05:00:00
1269,25.93,26.0475,25.7,25.7,2363,2021-03-24 05:00:00
1270,25.68,25.8095,25.64,25.76,1991,2021-03-25 05:00:00
1271,25.8,25.8,25.8,25.8,382,2021-03-26 05:00:00
1272,25.97,26.0752,25.82,25.82,2528,2021-03-29 05:00:00
1273,25.97,26.08,25.85,26.08,2716,2021-03-30 05:00:00
1274,26.0,26.0268,25.95,26.0268,2492,2021-03-31 05:00:00
1275,26.2105,26.2105,26.2105,26.2105,624,2021-04-01 05:00:00
1276,26.23,26.23,25.9984,26.033,1446,2021-04-05 05:00:00
1277,25.9645,26.27,25.8465,26.13,19767,2021-04-06 05:00:00
1278,26.125,26.23,26.125,26.23,718,2021-04-07 05:00:00
1279,26.0972,26.2902,26.0972,26.26,2605,2021-04-08 05:00:00
1280,26.24,26.4281,26.1225,26.1225,4544,2021-04-09 05:00:00
1281,26.19,26.358,26.17,26.2579,4869,2021-04-12 05:00:00
1282,26.43,26.43,25.9,26.3,4065,2021-04-13 05:00:00
1283,26.31,26.3119,26.3,26.3,1333,2021-04-14 05:00:00
1284,26.266,26.35,26.02,26.04,36301,2021-04-15 05:00:00
1285,26.4259,26.4259,26.0237,26.0237,437,2021-04-16 05:00:00
1286,26.04,26.09,26.04,26.09,1207,2021-04-19 05:00:00
1287,26.05,26.23,26.04,26.15,1973,2021-04-20 05:00:00
1288,26.5,26.5,26.12,26.12,2482,2021-04-21 05:00:00
1289,26.1,26.2012,26.1,26.167,3734,2021-04-22 05:00:00
1290,26.42,26.42,26.0042,26.0042,3171,2021-04-23 05:00:00
1291,26.01,26.01,26.01,26.01,175,2021-04-26 05:00:00
1292,26.3282,26.3282,26.3,26.3,865,2021-04-27 05:00:00
1293,26.4701,26.617,26.31,26.45,7975,2021-04-28 05:00:00
1294,26.6364,26.6364,26.511,26.511,507,2021-04-29 05:00:00
1295,26.4496,26.4496,26.19,26.19,2999,2021-04-30 05:00:00
1296,26.385,26.59,26.375,26.471,6251,2021-05-03 05:00:00
1297,26.495,26.52,26.495,26.52,898,2021-05-04 05:00:00
1298,26.32,26.518,26.25,26.4061,2987,2021-05-05 05:00:00
1299,26.05,26.352,26.01,26.352,1600,2021-05-06 05:00:00
1300,26.401,26.46,26.3623,26.46,865,2021-05-07 05:00:00
1301,26.4916,26.555,26.4,26.4,2055,2021-05-10 05:00:00
1302,26.38,26.4693,26.38,26.45,1994,2021-05-11 05:00:00
1303,26.5,26.55,26.25,26.25,6060,2021-05-12 05:00:00
1304,26.36,26.5,26.35,26.4,2588,2021-05-13 05:00:00
1305,26.4,26.5642,26.4,26.495,1825,2021-05-14 05:00:00
1306,26.4463,26.59,26.28,26.5899,1933,2021-05-17 05:00:00
1307,26.4,26.4,26.1938,26.2557,572,2021-05-18 05:00:00
1308,26.0377,26.08,26.02,26.05,1656,2021-05-19 05:00:00
1309,26.11,26.15,26.11,26.15,721,2021-05-20 05:00:00
1310,26.1001,26.12,26.1,26.12,2174,2021-05-21 05:00:00
1311,26.2902,26.42,26.07,26.09,6580,2021-05-24 05:00:00
1312,26.19,26.23,26.15,26.15,1877,2021-05-25 05:00:00
1313,26.27,26.3,26.2457,26.2457,729,2021-05-26 05:00:00
1314,26.225,26.322,26.1933,26.3016,1730,2021-05-27 05:00:00
1315,26.3036,26.44,26.17,26.17,8056,2021-05-28 05:00:00
1316,26.28,26.455,26.2655,26.34,5451,2021-06-01 05:00:00
1317,26.5868,26.5868,26.27,26.27,8415,2021-06-02 05:00:00
1318,26.39,26.73,26.31,26.47,7495,2021-06-03 05:00:00
1319,26.49,26.49,26.45,26.46,1509,2021-06-04 05:00:00
1320,26.59,26.59,26.45,26.45,3513,2021-06-07 05:00:00
1321,26.6611,26.748,26.46,26.5,26761,2021-06-08 05:00:00
1322,26.445,26.6,26.445,26.56,2014,2021-06-09 05:00:00
1323,26.55,26.6395,26.425,26.4437,4460,2021-06-10 05:00:00
1324,26.41,26.6273,26.37,26.6273,1874,2021-06-11 05:00:00
1325,26.6,26.81,26.6,26.79,3125,2021-06-14 05:00:00
1326,26.58,26.93,26.57,26.7069,3464,2021-06-15 05:00:00
1327,26.6,26.9132,26.6,26.8,13263,2021-06-16 05:00:00
1328,26.846,26.91,26.65,26.65,3765,2021-06-17 05:00:00
1329,26.68,26.91,26.66,26.8777,1006,2021-06-18 05:00:00
1330,26.75,26.75,26.5,26.52,10713,2021-06-21 05:00:00
1331,26.46,26.631,26.33,26.34,9909,2021-06-22 05:00:00
1332,26.33,26.48,26.081,26.35,43481,2021-06-23 05:00:00
1333,26.4,26.45,26.2538,26.2621,4235,2021-06-24 05:00:00
1334,26.2475,26.4699,26.2475,26.36,2954,2021-06-25 05:00:00
1335,26.27,26.3935,26.26,26.3935,872,2021-06-28 05:00:00
1336,26.2,26.464,26.16,26.31,7707,2021-06-29 05:00:00
1337,26.31,26.39,26.22,26.37,4083,2021-06-30 05:00:00
1338,26.4,26.69,26.4,26.5,2167,2021-07-01 05:00:00
1339,26.6,26.88,26.6,26.7325,5189,2021-07-02 05:00:00
1340,26.8179,26.8227,26.7023,26.72,5642,2021-07-06 05:00:00
1341,26.771,26.771,26.6,26.6,1011,2021-07-07 05:00:00
1342,26.62,26.8637,26.42,26.62,10182,2021-07-08 05:00:00
1343,26.7,26.7,26.7,26.7,457,2021-07-09 05:00:00
1344,26.69,26.7889,26.67,26.69,5852,2021-07-12 05:00:00
1345,26.75,26.785,26.75,26.785,6009,2021-07-13 05:00:00
1346,26.75,26.81,26.74,26.74,4145,2021-07-14 05:00:00
1347,26.6789,26.6789,26.6,26.6,1222,2021-07-15 05:00:00
1348,26.6,26.69,26.6,26.6,2772,2021-07-16 05:00:00
1349,26.59,26.59,26.4,26.5,1098,2021-07-19 05:00:00
1350,26.5,26.7346,26.5,26.722,4225,2021-07-20 05:00:00
1351,26.7255,26.75,26.5,26.75,1653,2021-07-22 05:00:00
1352,26.578,26.72,26.578,26.72,689,2021-07-23 05:00:00
1353,26.6,26.704,26.6,26.704,1849,2021-07-26 05:00:00
1354,26.5557,26.68,26.5557,26.68,1639,2021-07-27 05:00:00
1355,26.6004,26.7,26.6004,26.662,2622,2021-07-28 05:00:00
1356,26.74,26.76,26.73,26.76,1907,2021-07-29 05:00:00
1357,26.7201,26.7201,26.7201,26.7201,214,2021-07-30 05:00:00
1358,26.7201,26.8,26.72,26.8,2345,2021-08-02 05:00:00
1359,26.85,26.98,26.85,26.95,6127,2021-08-03 05:00:00
1360,26.99,27.0038,26.95,26.95,1121,2021-08-04 05:00:00
1361,27.05,27.05,27.05,27.05,932,2021-08-05 05:00:00
1362,27.05,27.05,27.05,27.05,1383,2021-08-06 05:00:00
1363,27.05,27.0999,27.05,27.0505,7049,2021-08-09 05:00:00
1364,27.01,27.01,26.95,26.95,543,2021-08-10 05:00:00
1365,27.076,27.076,26.95,26.97,10580,2021-08-11 05:00:00
1366,26.8,26.8,26.7482,26.7482,668,2021-08-12 05:00:00
1367,26.75,26.75,26.73,26.73,361,2021-08-13 05:00:00
1368,26.88,27.05,26.81,26.9074,32229,2021-08-16 05:00:00
1369,26.94,27.1,26.925,27.05,16773,2021-08-17 05:00:00
1370,27.1,27.25,27.02,27.02,3288,2021-08-18 05:00:00
1371,27.03,27.3994,27.03,27.38,2066,2021-08-19 05:00:00
1372,27.2,27.44,27.0,27.44,4346,2021-08-20 05:00:00
1373,26.8704,27.424,26.8704,27.16,6282,2021-08-23 05:00:00
1374,27.0,27.4139,27.0,27.2359,15031,2021-08-24 05:00:00
1375,27.23,27.23,27.2059,27.23,2838,2021-08-25 05:00:00
1376,27.3002,27.3002,27.06,27.15,5687,2021-08-26 05:00:00
1377,27.4,27.4,27.4,27.4,517,2021-08-27 05:00:00
1378,27.23,27.23,27.23,27.23,454,2021-08-30 05:00:00
1379,27.22,27.22,27.15,27.15,590,2021-08-31 05:00:00
1380,27.2,27.36,27.2,27.2,3686,2021-09-01 05:00:00
1381,27.44,27.6999,27.15,27.15,4746,2021-09-02 05:00:00
1382,27.0707,27.16,27.02,27.02,3318,2021-09-03 05:00:00
1383,27.05,27.22,27.05,27.22,2036,2021-09-07 05:00:00
1384,27.32,27.3699,27.29,27.29,2957,2021-09-08 05:00:00
1385,27.22,27.2669,26.9,27.2669,4543,2021-09-09 05:00:00
1386,27.2,27.3197,27.14,27.14,9366,2021-09-10 05:00:00
1387,27.11,27.3732,26.98,27.23,13038,2021-09-13 05:00:00
1388,27.28,27.33,27.25,27.25,4883,2021-09-15 05:00:00
1389,27.17,27.26,27.16,27.2,1665,2021-09-17 05:00:00
1390,27.15,27.38,26.79,27.1427,12975,2021-09-20 05:00:00
1391,26.92,27.15,26.73,26.8,12389,2021-09-21 05:00:00
1392,26.7001,27.0,26.7,27.0,8624,2021-09-22 05:00:00
1393,26.87,27.0307,26.8,27.0,11808,2021-09-23 05:00:00
1394,26.83,26.965,26.83,26.965,2326,2021-09-24 05:00:00
1395,26.97,27.05,26.92,26.9566,6072,2021-09-27 05:00:00
1396,26.44,26.8338,26.44,26.68,20691,2021-09-28 05:00:00
1397,26.55,26.92,26.55,26.92,2109,2021-09-29 05:00:00
1398,26.67,27.0727,26.52,26.52,4329,2021-09-30 05:00:00
1399,26.61,26.7245,26.61,26.62,1414,2021-10-01 05:00:00
1400,26.62,26.9599,26.612,26.72,1060,2021-10-04 05:00:00
1401,26.6,26.7504,26.58,26.643,2746,2021-10-05 05:00:00
1402,26.44,26.6472,26.44,26.5855,3546,2021-10-06 05:00:00
1403,26.59,26.8393,26.59,26.6098,1825,2021-10-07 05:00:00
1404,26.5,26.69,26.5,26.67,3370,2021-10-08 05:00:00
1405,26.7304,26.84,26.73,26.81,2811,2021-10-11 05:00:00
1406,26.81,26.81,26.56,26.56,15685,2021-10-12 05:00:00
1407,26.5001,26.81,26.5,26.756,2426,2021-10-13 05:00:00
1408,26.77,26.81,26.76,26.8,11076,2021-10-14 05:00:00
1409,26.8075,26.8075,26.8075,26.8075,160,2021-10-15 05:00:00
1410,26.8312,26.8312,26.8,26.8,1063,2021-10-18 05:00:00
1411,27.06,27.1456,26.89,27.035,3429,2021-10-19 05:00:00
1412,27.1701,27.1701,26.719,26.96,2024,2021-10-20 05:00:00
1413,26.75,26.88,26.3605,26.73,28467,2021-10-21 05:00:00
1414,26.72,26.8993,26.72,26.8993,3613,2021-10-22 05:00:00
1415,26.9231,26.9231,26.76,26.76,633,2021-10-25 05:00:00
1416,26.7389,26.87,26.7389,26.74,2439,2021-10-26 05:00:00
1417,26.6396,26.716,26.57,26.69,11079,2021-10-27 05:00:00
1418,26.5675,26.73,26.5508,26.6212,9031,2021-10-28 05:00:00
1419,26.67,26.98,26.615,26.98,11846,2021-10-29 05:00:00
1420,26.8,26.97,26.79,26.97,8180,2021-11-01 05:00:00
1421,26.87,26.92,26.835,26.92,8454,2021-11-02 05:00:00
1422,27.13,27.19,26.85,27.05,7741,2021-11-03 05:00:00
1423,27.125,27.125,27.06,27.06,3726,2021-11-04 05:00:00
1424,27.19,27.19,26.82,26.87,11330,2021-11-05 05:00:00
1425,26.852,26.852,26.7647,26.8,1683,2021-11-08 06:00:00
1426,26.775,26.8341,26.65,26.8,24014,2021-11-09 06:00:00
1427,26.8,27.1,26.67,26.9,3735,2021-11-10 06:00:00
1428,26.77,27.19,26.56,26.8,22121,2021-11-11 06:00:00
1429,26.78,26.9995,26.44,26.64,10059,2021-11-12 06:00:00
1430,26.62,26.755,26.48,26.69,10096,2021-11-15 06:00:00
1431,26.42,26.9,26.42,26.7,5401,2021-11-16 06:00:00
1432,26.9475,26.9475,26.69,26.69,3324,2021-11-17 06:00:00
1433,26.55,26.7099,26.385,26.385,3140,2021-11-18 06:00:00
1434,26.2,26.7,26.2,26.31,4127,2021-11-19 06:00:00
1435,26.31,26.59,26.2114,26.435,3149,2021-11-22 06:00:00
1436,26.34,26.34,26.34,26.34,269,2021-11-23 06:00:00
1437,26.7049,26.7049,26.31,26.31,664,2021-11-24 06:00:00
1438,26.2,26.44,26.2,26.28,2601,2021-11-26 06:00:00
1439,26.22,26.22,26.22,26.22,392,2021-11-29 06:00:00
1440,26.56,26.56,26.21,26.21,602,2021-11-30 06:00:00
1441,26.4281,26.4281,26.21,26.26,2917,2021-12-01 06:00:00
1442,26.25,26.7945,26.25,26.3,1726,2021-12-02 06:00:00
1443,26.31,26.54,26.29,26.29,1490,2021-12-03 06:00:00
1444,26.39,26.55,26.31,26.31,12141,2021-12-06 06:00:00
1445,26.41,26.46,26.32,26.32,3698,2021-12-07 06:00:00
1446,26.32,26.43,26.32,26.32,1221,2021-12-08 06:00:00
1447,26.25,26.35,26.21,26.22,5207,2021-12-10 06:00:00
1448,26.33,26.35,26.21,26.24,3339,2021-12-13 06:00:00
1449,26.21,26.2371,26.2,26.2,2057,2021-12-14 06:00:00
1450,26.2,26.28,26.11,26.18,4879,2021-12-15 06:00:00
1451,26.16,26.29,26.04,26.27,10215,2021-12-16 06:00:00
1452,26.06,26.4,26.05,26.22,1451,2021-12-17 06:00:00
1453,26.25,26.59,26.1,26.59,6590,2021-12-20 06:00:00
1454,26.55,27.14,26.24,27.13,9724,2021-12-21 06:00:00
1455,26.75,26.75,26.27,26.466,11494,2021-12-22 06:00:00
1456,26.564,26.564,26.16,26.34,5198,2021-12-23 06:00:00
1457,26.34,26.56,26.2013,26.21,3132,2021-12-27 06:00:00
1458,26.2301,26.3223,26.13,26.15,2016,2021-12-28 06:00:00
1459,26.38,26.38,26.07,26.0834,1774,2021-12-29 06:00:00
1460,26.3418,26.4302,26.15,26.15,1528,2021-12-30 06:00:00
1461,26.25,26.25,26.2,26.2,1050,2021-12-31 06:00:00
1462,26.15,26.46,26.15,26.46,5091,2022-01-03 06:00:00
1463,26.75,26.75,26.525,26.705,1617,2022-01-04 06:00:00
1464,26.7499,26.75,26.4001,26.75,6197,2022-01-05 06:00:00
1465,26.75,26.75,26.48,26.735,3244,2022-01-06 06:00:00
1466,26.7,26.7,26.5,26.65,1331,2022-01-07 06:00:00
1467,26.7,26.7,26.31,26.485,1941,2022-01-10 06:00:00
1468,26.45,26.5,26.45,26.47,10555,2022-01-11 06:00:00
1469,26.45,26.5,26.45,26.4775,11614,2022-01-12 06:00:00
1470,26.5,26.55,26.5,26.55,14660,2022-01-13 06:00:00
1471,26.41,26.52,26.4,26.52,850,2022-01-14 06:00:00
1472,26.5,26.6,26.5,26.5554,11979,2022-01-18 06:00:00
1473,26.5604,26.5604,26.4376,26.55,10838,2022-01-19 06:00:00
1474,26.2201,26.65,26.2201,26.65,7169,2022-01-20 06:00:00
1475,26.55,26.6365,26.5,26.6,44310,2022-01-21 06:00:00
1476,26.44,26.44,26.17,26.23,21713,2022-01-24 06:00:00
1477,26.208,26.27,26.13,26.21,1110,2022-01-25 06:00:00
1478,26.18,26.45,26.1508,26.45,1758,2022-01-26 06:00:00
1479,26.1501,26.1501,26.1501,26.1501,761,2022-01-27 06:00:00
1480,26.2253,26.447,26.2253,26.4,3357,2022-01-28 06:00:00
1481,26.24,26.425,26.24,26.4,5921,2022-01-31 06:00:00
1482,26.47,26.5,26.35,26.425,1432,2022-02-01 06:00:00
1483,26.48,26.52,26.42,26.5,6275,2022-02-02 06:00:00
1484,26.49,26.7,26.4,26.4,12326,2022-02-03 06:00:00
1485,26.49,26.49,26.15,26.3,5693,2022-02-04 06:00:00
1486,26.25,26.8107,26.25,26.31,2515,2022-02-07 06:00:00
1487,26.68,26.7744,26.2207,26.26,5802,2022-02-08 06:00:00
1488,26.23,26.49,25.89,26.12,19768,2022-02-09 06:00:00
1489,26.05,26.69,26.05,26.38,6326,2022-02-10 06:00:00
1490,26.25,26.25,25.9,25.9,6217,2022-02-11 06:00:00
1491,26.1,26.1,25.8,25.8,11481,2022-02-14 06:00:00
1492,25.97,25.9826,25.9,25.9,2391,2022-02-15 06:00:00
1493,26.01,26.09,25.85,25.85,3730,2022-02-16 06:00:00
1494,25.75,25.75,25.74,25.74,5168,2022-02-17 06:00:00
1495,25.81,25.81,25.407,25.407,3069,2022-02-18 06:00:00
1496,25.38,25.93,25.37,25.7,2765,2022-02-22 06:00:00
1497,25.745,25.745,25.41,25.41,872,2022-02-23 06:00:00
1498,25.36,25.36,25.25,25.25,6642,2022-02-24 06:00:00
1499,25.39,25.3969,25.3,25.32,6499,2022-02-25 06:00:00
1500,25.17,25.2,25.1,25.1,5755,2022-02-28 06:00:00
1501,25.2,25.5,25.1,25.36,21101,2022-03-01 06:00:00
1502,25.352,25.41,25.33,25.38,5829,2022-03-02 06:00:00
1503,25.39,25.3999,25.35,25.3999,6500,2022-03-03 06:00:00
1504,25.35,25.8697,25.35,25.8697,8333,2022-03-04 06:00:00
1505,25.7,25.732,25.1,25.28,3524,2022-03-07 06:00:00
1506,25.29,25.4,25.29,25.3,3854,2022-03-08 06:00:00
1507,25.32,25.57,25.32,25.57,1426,2022-03-09 06:00:00
1508,25.26,25.409,25.09,25.409,1925,2022-03-11 06:00:00
1509,25.4229,25.56,25.3499,25.3499,2328,2022-03-14 05:00:00
1510,25.35,25.35,25.35,25.35,796,2022-03-15 05:00:00
1511,25.77,25.8868,25.2412,25.3,930,2022-03-16 05:00:00
1512,26.05,26.05,25.695,25.695,718,2022-03-17 05:00:00
1513,25.8164,25.8306,25.7,25.8306,4062,2022-03-18 05:00:00
1514,25.73,25.895,25.7,25.71,5280,2022-03-21 05:00:00
1515,25.7,25.7039,24.9584,25.43,17328,2022-03-22 05:00:00
1516,25.47,25.47,25.12,25.35,6221,2022-03-23 05:00:00
1517,25.25,26.0899,25.25,26.0899,2166,2022-03-24 05:00:00
1518,25.66,25.66,25.66,25.66,842,2022-03-25 05:00:00
1519,25.7169,26.03,25.66,25.855,3707,2022-03-28 05:00:00
1520,25.5,25.6,25.5,25.55,1662,2022-03-29 05:00:00
1521,25.55,25.55,25.55,25.55,511,2022-03-30 05:00:00
1522,25.55,25.55,25.31,25.35,3807,2022-03-31 05:00:00
1523,25.4861,25.5338,25.4861,25.5338,1092,2022-04-01 05:00:00
1524,25.37,25.64,25.37,25.583,3053,2022-04-04 05:00:00
1525,25.68,25.75,25.37,25.73,1802,2022-04-05 05:00:00
1526,25.5632,25.5632,25.4,25.4,1070,2022-04-06 05:00:00
1527,25.36,25.6,25.25,25.4,12171,2022-04-07 05:00:00
1528,25.5354,25.5354,25.5,25.5,6519,2022-04-08 05:00:00
1529,25.4,25.63,25.279,25.5,12222,2022-04-11 05:00:00
1530,25.3,25.61,25.3,25.61,3004,2022-04-12 05:00:00
1531,25.35,25.5,25.35,25.415,35943,2022-04-13 05:00:00
1532,25.4,25.4486,25.33,25.4486,7489,2022-04-14 05:00:00
1533,25.35,25.5,25.35,25.5,5461,2022-04-18 05:00:00
1534,25.38,25.5,25.3621,25.435,9002,2022-04-19 05:00:00
1535,25.33,25.465,25.33,25.44,13518,2022-04-20 05:00:00
1536,25.2001,25.42,25.2001,25.42,4367,2022-04-21 05:00:00
1537,25.17,25.2,25.15,25.16,7153,2022-04-22 05:00:00
1538,25.12,25.12,24.875,25.05,16285,2022-04-25 05:00:00
1539,25.2,25.2,25.125,25.125,1445,2022-04-26 05:00:00
1540,25.15,25.25,25.15,25.185,4893,2022-04-27 05:00:00
1541,25.1264,25.16,25.1264,25.16,451,2022-04-28 05:00:00
1542,25.21,25.5465,25.1131,25.27,1591,2022-04-29 05:00:00
1543,25.3027,25.335,25.0501,25.25,7447,2022-05-02 05:00:00
1544,25.245,25.245,25.0,25.05,2015,2022-05-03 05:00:00
1545,25.185,25.185,25.185,25.185,304,2022-05-04 05:00:00
1546,25.1,25.1,25.1,25.1,705,2022-05-05 05:00:00
1547,25.11,25.46,25.0729,25.46,2297,2022-05-06 05:00:00
1548,25.19,25.19,24.5572,24.9347,5413,2022-05-09 05:00:00
1549,24.9179,24.94,24.755,24.85,3271,2022-05-10 05:00:00
1550,24.76,24.76,24.5,24.62,42898,2022-05-11 05:00:00
1551,24.5483,24.5483,24.0,24.3,17717,2022-05-12 05:00:00
1552,24.5999,24.5999,24.4,24.41,4417,2022-05-13 05:00:00
1553,24.475,24.77,24.25,24.77,15975,2022-05-16 05:00:00
1554,24.49,24.5,24.3,24.4499,9913,2022-05-17 05:00:00
1555,24.33,24.51,24.15,24.5,15494,2022-05-18 05:00:00
1556,24.12,24.37,24.05,24.1,12169,2022-05-19 05:00:00
1557,23.96,23.96,23.86,23.9,5011,2022-05-20 05:00:00
1558,24.0,24.229,23.87,23.87,9039,2022-05-23 05:00:00
1559,23.98,23.98,23.8,23.866,2366,2022-05-24 05:00:00
1560,23.8,23.9,23.72,23.803,11366,2022-05-25 05:00:00
1561,24.7499,24.7499,23.72,23.9,6120,2022-05-26 05:00:00
1562,24.05,24.2347,23.92,24.2347,15523,2022-05-27 05:00:00
1563,24.36,24.46,24.24,24.311,5922,2022-05-31 05:00:00
1564,24.155,24.25,24.155,24.2446,36823,2022-06-01 05:00:00
1565,24.6182,24.6182,24.425,24.43,3185,2022-06-02 05:00:00
1566,24.43,24.43,24.35,24.35,1676,2022-06-03 05:00:00
1567,24.4,24.7297,24.4,24.5,3527,2022-06-06 05:00:00
1568,24.37,24.579,24.16,24.18,4916,2022-06-07 05:00:00
1569,24.5,24.5,24.085,24.34,3678,2022-06-08 05:00:00
1570,24.4285,24.5,24.2,24.2,1031,2022-06-09 05:00:00
1571,24.01,24.01,24.01,24.01,462,2022-06-10 05:00:00
